Company,Date,Open,High,Low,Close,Adj Close,Volume
AAPL,1/3/2012,58.485714,58.92857,58.42857,58.747143,51.269413,75555200
AAPL,1/4/2012,58.57143,59.240002,58.468571,59.062859,51.544937,65005500
AAPL,1/5/2012,59.278572,59.792858,58.952858,59.718571,52.117188,67817400
AAPL,1/6/2012,59.967144,60.392857,59.888573,60.342857,52.662014,79573200
AAPL,1/9/2012,60.785713,61.107143,60.192856,60.247143,52.578468,98506100
AAPL,1/10/2012,60.844284,60.857143,60.214287,60.462856,52.766739,64549100
AAPL,1/11/2012,60.382858,60.407143,59.901428,60.364285,52.68071,53771200
AAPL,1/12/2012,60.325714,60.414288,59.82143,60.19857,52.536091,53146800
AAPL,1/13/2012,59.957142,60.064285,59.808571,59.972858,52.339104,56505400
AAPL,1/17/2012,60.599998,60.855713,60.422855,60.671429,52.94875,60724300
AAPL,1/18/2012,60.994286,61.352856,60.900002,61.30143,53.498566,69197800
AAPL,1/19/2012,61.450001,61.624287,60.93,61.107143,53.329014,65434600
AAPL,1/20/2012,61.07,61.07143,59.964287,60.042858,52.400188,103493600
AAPL,1/23/2012,60.381428,61.207142,60.328571,61.058571,53.286617,76515600
AAPL,1/24/2012,60.728573,60.728573,59.935715,60.058571,52.41391,136909500
AAPL,1/25/2012,64.919998,64.921425,63.389999,63.808571,55.686584,239578500
AAPL,1/26/2012,64.05143,64.112854,63.305714,63.51857,55.433498,80996300
AAPL,1/27/2012,63.477142,64.068573,63.395714,63.897144,55.763882,74927300
AAPL,1/30/2012,63.672855,64.842857,63.627144,64.715714,56.478256,94835300
AAPL,1/31/2012,65.084282,65.46286,64.724289,65.211426,56.910862,97920900
AAPL,2/1/2012,65.487144,65.57,65.078575,65.169998,56.874741,67511500
AAPL,2/2/2012,65.128571,65.309998,64.854286,65.017143,56.741318,46699100
AAPL,2/3/2012,65.328575,65.714287,65.080002,65.668571,57.309841,71649900
AAPL,2/6/2012,65.482857,66.425713,65.457146,66.281425,57.844673,62353200
AAPL,2/7/2012,66.464287,67.10714,66.368568,66.975716,58.450588,79055900
AAPL,2/8/2012,67.214287,68.112854,67.099998,68.097145,59.429268,101972500
AAPL,2/9/2012,68.68,70.964287,68.651428,70.452858,61.485157,221053700
AAPL,2/10/2012,70.137146,71.08857,69.792854,70.488571,61.5163,157825500
AAPL,2/13/2012,71.361427,71.975716,71.012856,71.800003,62.660805,129304000
AAPL,2/14/2012,72.094284,72.794289,71.714287,72.779999,63.516068,115099600
AAPL,2/15/2012,73.465714,75.184288,70.984283,71.095711,62.046181,376530000
AAPL,2/16/2012,70.214287,72.127144,69.51857,71.744286,62.612183,236138000
AAPL,2/17/2012,71.872856,72.538574,71.471428,71.73143,62.600983,133951300
AAPL,2/21/2012,72.41143,73.550003,72.017143,73.550003,64.188057,151398800
AAPL,2/22/2012,73.297142,73.641426,72.724289,73.291428,63.962383,120825600
AAPL,2/23/2012,73.582855,73.975716,72.785713,73.769997,64.380043,142006900
AAPL,2/24/2012,74.238571,74.699997,74.091431,74.629997,65.130592,103768000
AAPL,2/27/2012,74.472855,75.5,73.754288,75.108574,65.548248,136895500
AAPL,2/28/2012,75.422859,76.487144,75.121429,76.487144,66.751328,150096800
AAPL,2/29/2012,77.365715,78.230003,76.528572,77.491432,67.627808,238002800
AAPL,3/1/2012,78.309998,78.315712,76.96714,77.781425,67.880882,170817500
AAPL,3/2/2012,77.748573,78.114288,77.502853,77.882858,67.969383,107928100
AAPL,3/5/2012,77.917145,78.211426,75.14286,76.165718,66.470848,202281100
AAPL,3/6/2012,74.808571,76.241432,73.745712,75.751427,66.109253,202559700
AAPL,3/7/2012,76.685715,76.825714,74.757141,75.812859,66.162865,199630200
AAPL,3/8/2012,76.384285,77.57,76.017143,77.427139,67.571671,129114300
AAPL,3/9/2012,77.744286,78.248573,77.587143,77.881432,67.968147,104729800
AAPL,3/12/2012,78.425713,78.85714,78.14286,78.85714,68.819656,101820600
AAPL,3/13/2012,79.648575,81.168571,79.39286,81.157143,70.82692,172713800
AAPL,3/14/2012,82.578575,84.959999,82.199997,84.225716,73.50489,354711000
AAPL,3/15/2012,85.658569,85.715714,82.650002,83.651428,73.003716,289929500
AAPL,3/16/2012,83.531425,84.171425,82.571426,83.652855,73.004959,206371900
AAPL,3/19/2012,85.48143,85.96714,84.150002,85.871429,74.941124,225309000
AAPL,3/20/2012,85.644287,86.699997,84.497147,86.565712,75.54705,204165500
AAPL,3/21/2012,86.105713,87.092857,85.915718,86.071426,75.115662,161010500
AAPL,3/22/2012,85.397141,86.35714,85.075714,85.620003,74.721718,155967700
AAPL,3/23/2012,85.784286,85.971428,84.914284,85.150002,74.311539,107622200
AAPL,3/26/2012,85.684288,86.735718,85.03714,86.711426,75.67421,148935500
AAPL,3/27/2012,86.597145,88.040001,86.580002,87.78286,76.609261,151782400
AAPL,3/28/2012,88.339996,88.778572,87.187141,88.23143,77.000732,163865100
AAPL,3/29/2012,87.540001,88.080002,86.747147,87.122856,76.033279,152059600
AAPL,3/30/2012,86.96714,87.222855,85.419998,85.650002,74.747902,182759500
AAPL,4/2/2012,85.975716,88.395714,85.76857,88.375717,77.126678,149587900
AAPL,4/3/2012,89.614288,90.315712,88.93,89.902855,78.459396,208639900
AAPL,4/4/2012,89.192856,89.408569,88.14286,89.187141,77.834793,143245200
AAPL,4/5/2012,89.568573,90.665718,89.057144,90.525711,79.002983,160324500
AAPL,4/9/2012,89.447144,91.405716,89.328575,90.889999,79.320908,149384200
AAPL,4/10/2012,91.418571,92,89.428574,89.777145,78.349701,222431300
AAPL,4/11/2012,90.885712,90.98143,89.048569,89.457146,78.070435,174153700
AAPL,4/12/2012,89.285713,90.190002,88.64286,88.96714,77.642792,153584200
AAPL,4/13/2012,89.158569,89.242859,86.215714,86.461426,75.456039,214911200
AAPL,4/16/2012,87.151428,87.182854,82.60714,82.875717,72.326714,262696700
AAPL,4/17/2012,82.705711,87.14286,81.701431,87.099998,76.013306,256382000
AAPL,4/18/2012,87.674286,88.60714,86.101425,86.905716,75.843781,238632800
AAPL,4/19/2012,85.745712,86.389999,83.502853,83.919998,73.238098,208679800
AAPL,4/20/2012,84.482857,84.945717,81.488571,81.854286,71.435303,257746300
AAPL,4/23/2012,81.515717,82.381432,79.517143,81.671425,71.275726,241632300
AAPL,4/24/2012,80.372856,81.098572,79.285713,80.040001,69.851974,269037300
AAPL,4/25/2012,87.94857,88.285713,86.571426,87.14286,76.050713,226444400
AAPL,4/26/2012,87.752853,87.812859,86.01857,86.814285,75.763977,134017100
AAPL,4/27/2012,86.438568,86.597145,85.785713,86.14286,75.177994,101680600
AAPL,4/30/2012,85.400002,85.485718,83.285713,83.425713,72.806702,126536200
AAPL,5/1/2012,83.557144,85.251427,83.03286,83.16143,72.576073,152749800
AAPL,5/2/2012,82.891426,83.914284,82.694283,83.711426,73.056076,106847300
AAPL,5/3/2012,84.35714,84.485718,82.900002,83.117142,72.53743,97637400
AAPL,5/4/2012,82.440002,82.622856,80.738571,80.75,70.471588,132498100
AAPL,5/7/2012,80.214287,81.824287,80.175713,81.354286,70.998962,115029600
AAPL,5/8/2012,81.368568,81.64286,79.818573,81.168571,70.836876,124313000
AAPL,5/9/2012,80.528572,81.997147,80.121429,81.311432,70.961578,120176000
AAPL,5/10/2012,82.082855,82.26857,81.205711,81.502853,71.128624,83300000
AAPL,5/11/2012,80.714287,82.067146,80.621429,80.958572,70.65361,99886500
AAPL,5/14/2012,80.367142,81.072861,79.657143,79.745712,69.595131,88156600
AAPL,5/15/2012,80.207146,80.459999,78.821426,79.024284,68.965553,119084000
AAPL,5/16/2012,79.150002,79.555717,77.291428,78.011429,68.081581,140224000
AAPL,5/17/2012,77.901428,78.214287,75.73143,75.73143,66.091835,179305000
AAPL,5/18/2012,76.279999,77.629997,74.597145,75.76857,66.124229,183073100
AAPL,5/21/2012,76.35714,80.220001,76.292854,80.182854,69.976631,157776500
AAPL,5/22/2012,81.364288,81.982857,78.940002,79.567146,69.439308,173717600
AAPL,5/23/2012,79.64286,81.828575,79.03286,81.508568,71.133591,146224400
AAPL,5/24/2012,82.267143,82.35714,80.175713,80.760002,70.480331,124057500
AAPL,5/25/2012,80.655716,80.835716,79.781425,80.327141,70.102554,82126800
AAPL,5/29/2012,81.557144,82,80.758568,81.752853,71.346817,95127200
AAPL,5/30/2012,81.314285,82.855713,80.937141,82.738571,72.207024,132357400
AAPL,5/31/2012,82.96286,83.071426,81.637146,82.53286,72.027489,122918600
AAPL,6/1/2012,81.308571,81.807144,80.074287,80.141426,69.940491,130246900
AAPL,6/4/2012,80.214287,81.071426,78.35714,80.612854,70.351906,139248900
AAPL,6/5/2012,80.181427,80.924286,79.761429,80.404289,70.169876,97053600
AAPL,6/6/2012,81.110001,81.978569,80.785713,81.637146,71.245819,100363900
AAPL,6/7/2012,82.470001,82.474289,81.5,81.674286,71.278229,94941700
AAPL,6/8/2012,81.657143,82.940002,81.285713,82.902855,72.350426,86879100
AAPL,6/11/2012,83.959999,84.071426,81.51857,81.595711,71.209648,147816200
AAPL,6/12/2012,82.065712,82.374283,80.957146,82.308571,71.831764,108845100
AAPL,6/13/2012,82.074287,82.639999,81.482857,81.737144,71.333084,73395000
AAPL,6/14/2012,81.605713,81.928574,81.03714,81.647141,71.254547,86393300
AAPL,6/15/2012,81.571426,82.08857,81.364288,82.01857,71.578697,83813800
AAPL,6/18/2012,81.565712,83.984283,81.48143,83.682854,73.031143,110103000
AAPL,6/19/2012,83.342857,84.285713,83.300003,83.915718,73.234352,90351100
AAPL,6/20/2012,84.029999,84.178574,82.971428,83.677139,73.026138,89735800
AAPL,6/21/2012,83.634285,84.031425,82.491432,82.524284,72.02005,81587800
AAPL,6/22/2012,82.720001,83.169998,82.202858,83.157143,72.57235,71117900
AAPL,6/25/2012,82.471428,82.828575,81.48143,81.538574,71.15979,76095600
AAPL,6/26/2012,81.618568,82.07,81.047142,81.718575,71.316895,69134100
AAPL,6/27/2012,82.14286,82.391426,81.702858,82.071426,71.624825,50749300
AAPL,6/28/2012,81.667145,82,80.80143,81.292854,70.945343,70709100
AAPL,6/29/2012,82.571426,83.428574,82.035713,83.428574,72.809204,105375200
AAPL,7/2/2012,83.53286,84.781425,83.371429,84.645714,73.871437,100023000
AAPL,7/3/2012,84.982857,85.714287,84.85714,85.629997,74.730423,60428200
AAPL,7/5/2012,85.794289,87.762856,85.664284,87.134285,76.043243,121095800
AAPL,7/6/2012,86.727142,86.919998,85.940002,86.554283,75.537079,104732600
AAPL,7/9/2012,86.471428,87.699997,86.30143,87.69857,76.535713,94851400
AAPL,7/10/2012,88.281425,88.552856,86.472855,86.887146,75.827576,127989400
AAPL,7/11/2012,86.58857,86.808571,85.317146,86.347145,75.356277,117330500
AAPL,7/12/2012,85.748573,86.209999,84.668571,85.557144,74.666847,107010400
AAPL,7/13/2012,86.135712,86.741432,85.714287,86.424286,75.423622,77856800
AAPL,7/16/2012,86.445717,87.374283,86.431427,86.701431,75.665482,75315100
AAPL,7/17/2012,87.255714,87.35714,86.164284,86.705711,75.669235,73406200
AAPL,7/18/2012,86.655716,86.905716,86.222855,86.608574,75.584435,63175000
AAPL,7/19/2012,87.325714,87.907143,86.571426,87.760002,76.58931,109215400
AAPL,7/20/2012,87.575714,87.777145,86.242859,86.328575,75.340096,99367800
AAPL,7/23/2012,84.914284,86.557144,83.958572,86.261429,75.281479,121993900
AAPL,7/24/2012,86.76857,87.097145,85.501427,85.845711,74.918701,141283100
AAPL,7/25/2012,82.065712,82.971428,81.428574,82.138573,71.683426,219328200
AAPL,7/26/2012,82.822861,82.914284,81.480003,82.125717,71.672203,101658200
AAPL,7/27/2012,82.144287,83.690002,81.655716,83.594284,72.953835,100984100
AAPL,7/30/2012,84.417145,85.634285,83.974289,85.004288,74.184357,94785600
AAPL,7/31/2012,86.175713,87.385712,86.102859,87.251427,76.145485,115581900
AAPL,8/1/2012,87.987144,88.057144,86.14286,86.687141,75.653015,96125400
AAPL,8/2/2012,86.120003,87.241432,85.75,86.827141,75.775192,83039600
AAPL,8/3/2012,87.66143,88.28286,87.365715,87.957146,76.761353,86230200
AAPL,8/6/2012,88.184288,89.267143,87.894287,88.935715,77.615356,75525800
AAPL,8/7/2012,88.96714,89.285713,88.291428,88.701431,77.410919,72611700
AAPL,8/8/2012,88.484283,89.125717,88.157143,88.55143,77.279991,61176500
AAPL,8/9/2012,88.264282,88.818573,88.257141,88.675713,77.720711,55410600
AAPL,8/10/2012,88.387146,88.822861,88.385712,88.814285,77.842194,48734700
AAPL,8/13/2012,89.055717,90,89.035713,90,78.881424,69708100
AAPL,8/14/2012,90.267143,91.230003,90.029999,90.241432,79.093018,85042300
AAPL,8/15/2012,90.185715,90.571426,89.678574,90.118568,78.985336,64335600
AAPL,8/16/2012,90.172859,90.965714,90.071426,90.905716,79.675262,63633500
AAPL,8/17/2012,91.428574,92.598572,91.258568,92.587143,81.148941,110690300
AAPL,8/20/2012,92.858574,95.021431,92.842857,95.021431,83.282509,153346200
AAPL,8/21/2012,95.831429,96.41143,92.904289,93.722855,82.144341,203179900
AAPL,8/22/2012,93.488571,95.571426,92.587143,95.552856,83.748283,141330700
AAPL,8/23/2012,95.158569,95.699997,94.449997,94.66143,82.96698,105032200
AAPL,8/24/2012,94.215714,95.639999,93.650002,94.745712,83.040863,109335100
AAPL,8/27/2012,97.141426,97.267143,96.220001,96.525711,84.600945,106752100
AAPL,8/28/2012,96.425713,96.585716,95.809998,96.400002,84.490768,66854200
AAPL,8/29/2012,96.464287,96.809998,96.085716,96.209999,84.324242,50701700
AAPL,8/30/2012,95.805717,95.935715,94.692856,94.83857,83.122215,75674900
AAPL,8/31/2012,95.321426,95.514282,93.89286,95.034286,83.293762,84580300
AAPL,9/4/2012,95.108574,96.44857,94.928574,96.424286,84.512062,91973000
AAPL,9/5/2012,96.510002,96.621429,95.657143,95.747147,83.918564,84093800
AAPL,9/6/2012,96.167145,96.898575,95.828575,96.610001,84.67482,97799100
AAPL,9/7/2012,96.864288,97.497147,96.538574,97.205711,85.196938,82416600
AAPL,9/10/2012,97.207146,97.612854,94.585716,94.677139,82.980743,121999500
AAPL,9/11/2012,95.015717,95.728569,93.785713,94.370003,82.71154,125995800
AAPL,9/12/2012,95.264282,95.699997,93.714287,95.684288,83.863472,178058300
AAPL,9/13/2012,96.767143,97.928574,96.395714,97.568573,85.514977,149590000
AAPL,9/14/2012,98.565712,99.568573,98.269997,98.754288,86.554214,150118500
AAPL,9/17/2012,99.907143,99.971428,99.230003,99.968575,87.618484,99507800
AAPL,9/18/2012,99.982857,100.332855,99.488571,100.272858,87.88517,93375800
AAPL,9/19/2012,100.03714,100.57,99.938568,100.300003,87.908958,81718700
AAPL,9/20/2012,99.879997,100.008568,99.08857,99.814285,87.483246,84142100
AAPL,9/21/2012,100.344284,100.724289,99.908569,100.012856,87.657303,142897300
AAPL,9/24/2012,98.122856,99.302856,97.571426,98.684288,86.492859,159941600
AAPL,9/25/2012,98.322861,98.968575,96.14286,96.220001,84.333,129697400
AAPL,9/26/2012,95.534286,96.098572,94.457146,95.025711,83.286255,144125800
AAPL,9/27/2012,94.898575,97.452858,94.335716,97.331429,85.307114,148522500
AAPL,9/28/2012,96.964287,97.30143,95.25,95.300003,83.526672,133777700
AAPL,10/1/2012,95.879997,96.678574,93.785713,94.19857,82.561295,135898700
AAPL,10/2/2012,94.544289,95.192856,92.949997,94.472855,82.801704,156998100
AAPL,10/3/2012,94.980003,95.980003,94.66143,95.921425,84.071335,106070300
AAPL,10/4/2012,95.89286,96.321426,95.078575,95.257141,83.489082,92681400
AAPL,10/5/2012,95.028572,95.14286,93.040001,93.227142,81.709885,148501500
AAPL,10/8/2012,92.41143,92.508568,90.872856,91.167145,79.90435,159498500
AAPL,10/9/2012,91.235718,91.498573,89.078575,90.835716,79.613876,209649300
AAPL,10/10/2012,91.391426,92.139999,91,91.558571,80.247459,127589000
AAPL,10/11/2012,92.35714,92.457146,89.728569,89.728569,78.643517,136520300
AAPL,10/12/2012,89.937141,90.76857,89.328575,89.958572,78.8451,115003700
AAPL,10/15/2012,90.335716,90.732857,89.121429,90.68,79.477425,108125500
AAPL,10/16/2012,90.767143,92.900002,90.14286,92.827141,81.359299,137442900
AAPL,10/17/2012,92.695717,93.255714,92,92.087143,80.710701,97259400
AAPL,10/18/2012,91.370003,91.722855,90,90.377144,79.211945,119156100
AAPL,10/19/2012,90.150002,90.252853,87.08857,87.120003,76.357224,186021500
AAPL,10/22/2012,87.488571,90.76857,87.251427,90.575714,79.386002,136682700
AAPL,10/23/2012,90.14286,90.557144,87.385712,87.622856,76.797958,176786400
AAPL,10/24/2012,88.777145,89.507141,87.234283,88.118568,77.232414,139631800
AAPL,10/25/2012,88.571426,88.85714,86.507141,87.077141,76.319649,164081400
AAPL,10/26/2012,87.061432,87.714287,84.428574,86.285713,75.625992,254608200
AAPL,10/31/2012,84.982857,85.994286,83.957146,85.045715,74.539169,127500800
AAPL,11/1/2012,85.459999,86.14286,84.881432,85.220001,74.691963,90324500
AAPL,11/2/2012,85.127144,85.278572,82.10714,82.400002,72.220314,149843400
AAPL,11/5/2012,83.360001,83.96714,82.514282,83.517143,73.19944,132283900
AAPL,11/6/2012,84.318573,84.391426,82.870003,83.264282,72.977837,93729300
AAPL,11/7/2012,81.977142,82.077141,79.39286,79.714287,70.185509,198412200
AAPL,11/8/2012,80.089996,80.318573,76.470001,76.821426,67.638435,264036500
AAPL,11/9/2012,77.202858,79.26857,76.245712,78.151428,68.809464,232478400
AAPL,11/12/2012,79.164284,79.214287,76.949997,77.547142,68.277412,128950500
AAPL,11/13/2012,76.987144,78.639999,76.622856,77.557144,68.286209,133237300
AAPL,11/14/2012,77.928574,78.207146,76.597145,76.697144,67.529022,119292600
AAPL,11/15/2012,76.790001,77.071426,74.660004,75.08857,66.11274,197477700
AAPL,11/16/2012,75.028572,75.714287,72.25,75.382858,66.371834,316723400
AAPL,11/19/2012,77.244286,81.071426,77.125717,80.818573,71.157799,205829400
AAPL,11/20/2012,81.701431,81.707146,79.225716,80.129997,70.551529,160688500
AAPL,11/21/2012,80.60714,81.052856,79.514282,80.242859,70.650894,93250500
AAPL,11/23/2012,81.024284,81.714287,80.371429,81.64286,71.883545,68206600
AAPL,11/26/2012,82.271431,84.285713,81.958572,84.218575,74.151367,157644900
AAPL,11/27/2012,84.221428,84.345711,82.871429,83.540001,73.553886,133332500
AAPL,11/28/2012,82.46714,83.685715,81.751427,83.277145,73.322472,130216100
AAPL,11/29/2012,84.317146,84.89286,83.60714,84.194283,74.129974,128674700
AAPL,11/30/2012,83.827141,84.057144,83.239998,83.611427,73.616791,97829900
AAPL,12/3/2012,84.807144,84.941429,83.64286,83.741432,73.731262,91070000
AAPL,12/4/2012,83.114288,83.114288,81.732857,82.264282,72.430695,139267100
AAPL,12/5/2012,81.272858,81.321426,76.96714,76.970001,67.769272,261159500
AAPL,12/6/2012,75.562859,79.044289,74.089996,78.177139,68.8321,294303100
AAPL,12/7/2012,79.057144,79.314285,75.714287,76.178574,67.072418,196760200
AAPL,12/10/2012,75,76.93,74.511429,75.688568,66.641022,157621100
AAPL,12/11/2012,77.110001,78.508568,76.767143,77.341431,68.096306,148086400
AAPL,12/12/2012,78.252853,78.285713,76.610001,77,67.79567,121786000
AAPL,12/13/2012,75.878571,76.805717,75.114288,75.669998,66.624657,156314900
AAPL,12/14/2012,73.535713,74.01857,72.225716,72.827141,64.121635,252394800
AAPL,12/17/2012,72.704285,74.285713,71.604286,74.118568,65.258675,189401800
AAPL,12/18/2012,75,76.414284,74.321426,76.271431,67.154205,156421300
AAPL,12/19/2012,75.924286,76.242859,75.071426,75.187141,66.199516,112342300
AAPL,12/20/2012,75.714287,75.742859,74.125717,74.53286,65.623436,120422400
AAPL,12/21/2012,73.209999,74.238571,72.891426,74.190002,65.321556,149067100
AAPL,12/24/2012,74.335716,74.89286,74.101425,74.309998,65.427216,43938300
AAPL,12/26/2012,74.14286,74.208572,73.017143,73.285713,64.525383,75609100
AAPL,12/27/2012,73.362854,73.75,72.094284,73.580002,64.784477,113780100
AAPL,12/28/2012,72.898575,73.497147,72.58857,72.798569,64.096474,88569600
AAPL,12/31/2012,72.932854,76.485718,72.714287,76.024284,66.936584,164873100
AAPL,1/2/2013,79.117142,79.285713,77.375717,78.432854,69.057251,140129500
AAPL,1/3/2013,78.26857,78.524284,77.285713,77.442856,68.1856,88241300
AAPL,1/4/2013,76.709999,76.947144,75.118568,75.285713,66.286301,148583400
AAPL,1/7/2013,74.571426,75.614288,73.599998,74.842857,65.89637,121039100
AAPL,1/8/2013,75.601425,75.984283,74.464287,75.044289,66.073723,114676800
AAPL,1/9/2013,74.64286,75.001427,73.71286,73.871429,65.041084,101901100
AAPL,1/10/2013,75.507141,75.531425,73.645714,74.78714,65.847328,150286500
AAPL,1/11/2013,74.428574,75.045715,74.145714,74.328575,65.443581,87626700
AAPL,1/14/2013,71.811432,72.5,71.215714,71.678574,63.110344,183551900
AAPL,1/15/2013,71.185715,71.284286,69.054283,69.417145,61.119232,219193100
AAPL,1/16/2013,70.662857,72.777145,70.35714,72.298569,63.656235,172701200
AAPL,1/17/2013,72.901428,72.964287,71.718575,71.811432,63.227329,113419600
AAPL,1/18/2013,71.21714,71.745712,70.914284,71.428574,62.890232,118230700
AAPL,1/22/2013,72.080002,72.554283,70.947144,72.110001,63.490219,115386600
AAPL,1/23/2013,72.687141,73.57,72.110001,73.43,64.65242,215377400
AAPL,1/24/2013,65.714287,66.53286,64.321426,64.35714,56.664101,365213100
AAPL,1/25/2013,64.527145,65.175713,62.142857,62.84,55.328323,302006600
AAPL,1/28/2013,62.547142,64.744286,62.265713,64.261429,56.579826,196379400
AAPL,1/29/2013,65.5,65.742859,64.58857,65.46714,57.641415,142789500
AAPL,1/30/2013,65.285713,66.085716,64.928574,65.261429,57.460304,104288800
AAPL,1/31/2013,65.28286,65.611427,64.997147,65.07,57.291748,79833600
AAPL,2/1/2013,65.587143,65.639999,64.050003,64.802856,57.056534,134871100
AAPL,2/4/2013,64.844284,65.134285,63.142857,63.188572,55.635216,119279300
AAPL,2/5/2013,63.435715,65.677139,63.174286,65.405716,57.587337,143336900
AAPL,2/6/2013,65.209999,66.64286,64.654289,65.335716,57.525696,148426600
AAPL,2/7/2013,66.178574,67.14286,64.874283,66.888573,59.236176,176145200
AAPL,2/8/2013,67.714287,68.401428,66.89286,67.854286,60.0914,158289600
AAPL,2/11/2013,68.071426,69.277145,67.60714,68.561432,60.717636,129372600
AAPL,2/12/2013,68.501427,68.91143,66.82,66.842857,59.195671,152263300
AAPL,2/13/2013,66.744286,67.662857,66.174286,66.715714,59.083073,118801900
AAPL,2/14/2013,66.360001,67.377144,66.288574,66.655716,59.029938,88818800
AAPL,2/15/2013,66.978569,67.165718,65.702858,65.737144,58.216469,97936300
AAPL,2/19/2013,65.871429,66.104286,64.835716,65.71286,58.194962,108945900
AAPL,2/20/2013,65.384285,65.384285,64.114288,64.121429,56.785591,119075600
AAPL,2/21/2013,63.714287,64.167145,63.259998,63.722858,56.432617,111795600
AAPL,2/22/2013,64.178574,64.514282,63.799999,64.401428,57.033562,82663700
AAPL,2/25/2013,64.835716,65.017143,63.224285,63.257141,56.020184,93144800
AAPL,2/26/2013,63.402859,64.505714,62.522858,64.138573,56.800774,125374900
AAPL,2/27/2013,64.061432,64.634285,62.950001,63.509998,56.244118,146837600
AAPL,2/28/2013,63.435715,63.98143,63.057144,63.057144,55.843075,80628800
AAPL,3/1/2013,62.57143,62.597141,61.425713,61.495716,54.46027,138112100
AAPL,3/4/2013,61.114285,61.171429,59.857143,60.007141,53.142014,145688900
AAPL,3/5/2013,60.21143,62.169998,60.107143,61.591427,54.545052,159608400
AAPL,3/6/2013,62.072857,62.17857,60.632858,60.808571,53.851746,115062500
AAPL,3/7/2013,60.642857,61.715714,60.151428,61.511429,54.47419,117118400
AAPL,3/8/2013,61.400002,62.204285,61.23,61.674286,54.618427,97870500
AAPL,3/11/2013,61.392857,62.715714,60.734287,62.552856,55.396481,118559000
AAPL,3/12/2013,62.228573,62.697144,61.081429,61.204285,54.202187,116477900
AAPL,3/13/2013,61.207142,62.07143,60.765713,61.192856,54.192066,101387300
AAPL,3/14/2013,61.832859,62.091427,61.492859,61.785713,54.717102,75968900
AAPL,3/15/2013,62.561428,63.46143,62.464287,63.380001,56.128983,160990200
AAPL,3/18/2013,63.064285,65.351425,63.028572,65.102859,57.654751,151549300
AAPL,3/19/2013,65.64286,65.852859,64.071426,64.927139,57.49913,131693800
AAPL,3/20/2013,65.345711,65.375717,64.227142,64.582855,57.194225,77165200
AAPL,3/21/2013,64.317146,65.425713,64.300003,64.675713,57.276463,95813900
AAPL,3/22/2013,64.940002,66.014282,64.730003,65.987144,58.437866,98776300
AAPL,3/25/2013,66.384285,67.135712,65.968575,66.225716,58.649128,125283900
AAPL,3/26/2013,66.491432,66.548569,65.790001,65.877144,58.340435,73573500
AAPL,3/27/2013,65.208572,65.257141,64.389999,64.582855,57.194225,82809300
AAPL,3/28/2013,64.260002,64.545715,63.08857,63.237144,56.002468,110709900
AAPL,4/1/2013,63.128571,63.385715,61.105713,61.272858,54.262909,97433000
AAPL,4/2/2013,61.085712,62.591427,60.914288,61.398571,54.374245,132379800
AAPL,4/3/2013,61.624287,62.468571,61.472858,61.712856,54.652573,90804000
AAPL,4/4/2013,61.965714,62.142857,60.75,61.102856,54.112366,89611900
AAPL,4/5/2013,60.642857,60.707142,59.954285,60.457142,53.54052,95923800
AAPL,4/8/2013,60.692856,61.07143,60.355713,60.887142,53.921326,75207300
AAPL,4/9/2013,60.908573,61.214287,60.392857,60.997143,54.018742,76653500
AAPL,4/10/2013,61.157143,62.437141,60.85857,62.241428,55.120678,93982000
AAPL,4/11/2013,61.959999,62.57,61.599998,62.047142,54.948608,82091100
AAPL,4/12/2013,62.021427,62.021427,61.298573,61.400002,54.375511,59653300
AAPL,4/15/2013,61,61.127144,59.935715,59.978573,53.116703,79380000
AAPL,4/16/2013,60.224285,60.944286,60.081429,60.89143,53.925117,76442800
AAPL,4/17/2013,60.03857,60.085712,56.872856,57.542858,50.959652,236264000
AAPL,4/18/2013,57.855713,57.970001,55.677143,56.007141,49.599621,166574800
AAPL,4/19/2013,55.424286,57.085712,55.014286,55.790001,49.407326,152318600
AAPL,4/22/2013,56.091427,57.457142,55.895714,56.952858,50.437149,107480100
AAPL,4/23/2013,57.712856,58.34,56.972858,58.01857,51.380939,166059600
AAPL,4/24/2013,56.220001,59.32143,56.07143,57.922855,51.296185,242412800
AAPL,4/25/2013,58.747143,59.134285,58.142857,58.34,51.665596,96209400
AAPL,4/26/2013,58.544285,59.824287,58.32143,59.599998,52.781445,191024400
AAPL,4/29/2013,60.064285,61.945713,60,61.445713,54.415989,160081600
AAPL,4/30/2013,62.157143,63.607143,61.724285,63.254284,56.017647,172884600
AAPL,5/1/2013,63.494286,63.561428,62.055714,62.755714,55.576118,126727300
AAPL,5/2/2013,63.111427,64.084282,62.947144,63.645714,56.3643,105457100
AAPL,5/3/2013,64.472855,64.747147,64.164284,64.28286,56.92857,90325200
AAPL,5/6/2013,65.101425,66.028572,64.901428,65.815712,58.286053,124160400
AAPL,5/7/2013,66.424286,66.535713,64.814285,65.522858,58.026691,120938300
AAPL,5/8/2013,65.577141,66.48143,65.115715,66.262856,58.682034,118149500
AAPL,5/9/2013,65.687141,66.14286,65.082855,65.252853,58.170086,99621900
AAPL,5/10/2013,65.424286,65.672859,64.354286,64.709999,57.686146,83713000
AAPL,5/13/2013,64.501427,65.414284,64.5,64.96286,57.911564,79237200
AAPL,5/14/2013,64.835716,65.028572,63.164288,63.408573,56.525974,111779500
AAPL,5/15/2013,62.737144,63,60.337143,61.264286,54.614445,185403400
AAPL,5/16/2013,60.462856,62.549999,59.842857,62.082859,55.344166,150801000
AAPL,5/17/2013,62.721428,62.869999,61.572857,61.894287,55.176052,106976100
AAPL,5/20/2013,61.701427,63.685715,61.442856,63.275715,56.407539,112894600
AAPL,5/21/2013,62.592857,63.639999,62.028572,62.808571,55.9911,114005500
AAPL,5/22/2013,63.435715,64.050003,62.602856,63.049999,56.206333,110759600
AAPL,5/23/2013,62.278572,63.737144,62.255714,63.162857,56.306931,88255300
AAPL,5/24/2013,62.978573,63.665714,62.908573,63.592857,56.690258,69041700
AAPL,5/28/2013,64.271431,64.444283,62.978573,63.062859,56.217793,96536300
AAPL,5/29/2013,62.857143,63.92857,62.771427,63.564285,56.664787,82644100
AAPL,5/30/2013,63.664288,64.928574,63.501427,64.511429,57.509109,88379900
AAPL,5/31/2013,64.64286,65.300003,64.214287,64.247147,57.273525,96075700
AAPL,6/3/2013,64.389999,64.622856,63.21143,64.388573,57.399609,93088100
AAPL,6/4/2013,64.745712,64.918571,63.912857,64.187141,57.220043,73182200
AAPL,6/5/2013,63.664288,64.388573,63.387142,63.587143,56.685169,72647400
AAPL,6/6/2013,63.638573,63.857143,62.007141,62.637142,55.83828,104233500
AAPL,6/7/2013,62.357143,63.32,61.824287,63.115715,56.2649,101133900
AAPL,6/10/2013,63.532856,64.154289,62.400002,62.69857,55.893051,112538300
AAPL,6/11/2013,62.248573,63.251427,61.902859,62.514286,55.728752,71528100
AAPL,6/12/2013,62.785713,63.035713,61.642857,61.741428,55.039791,66306800
AAPL,6/13/2013,61.785713,62.44857,61.25,62.279999,55.519913,71458100
AAPL,6/14/2013,62.200001,62.327145,61.214287,61.435715,54.767258,67966500
AAPL,6/17/2013,61.634285,62.242859,61.48,61.714287,55.015598,64853600
AAPL,6/18/2013,61.651428,62.128571,61.458572,61.681427,54.986305,48756400
AAPL,6/19/2013,61.628571,61.665714,60.42857,60.42857,53.869446,77735000
AAPL,6/20/2013,59.900002,60.854286,59.310001,59.548573,53.084949,89327700
AAPL,6/21/2013,59.784286,60,58.299999,59.07143,52.659611,120279600
AAPL,6/24/2013,58.200001,58.380001,56.864285,57.505714,51.26384,120186500
AAPL,6/25/2013,57.957142,58.255714,56.975716,57.51857,51.275295,78540700
AAPL,6/26/2013,57.700001,57.827145,56.522858,56.867142,50.694584,91931000
AAPL,6/27/2013,57.035713,57.341427,56.220001,56.254284,50.148239,84311500
AAPL,6/28/2013,55.908573,57.181427,55.552856,56.647144,50.498455,144629100
AAPL,7/1/2013,57.527142,58.895714,57.317142,58.459999,52.11454,97763400
AAPL,7/2/2013,58.565716,60.232857,58.495716,59.784286,53.295086,117466300
AAPL,7/3/2013,60.122856,60.425713,59.635715,60.114285,53.58926,60232200
AAPL,7/5/2013,60.055714,60.470001,59.335712,59.631428,53.158817,68506200
AAPL,7/8/2013,60.015713,60.142857,58.664288,59.292858,52.856995,74534600
AAPL,7/9/2013,59.085712,60.5,58.625713,60.335712,53.786652,88146100
AAPL,7/10/2013,59.942856,60.685715,59.75,60.104286,53.58036,70351400
AAPL,7/11/2013,60.421429,61.17857,60.167141,61.041428,54.415775,81573100
AAPL,7/12/2013,61.092857,61.398571,60.487144,60.93,54.316441,69890800
AAPL,7/15/2013,60.715714,61.637142,60.685715,61.062859,54.434872,60479300
AAPL,7/16/2013,60.931427,61.529999,60.595715,61.457142,54.786354,54134500
AAPL,7/17/2013,61.385715,61.745716,61.174286,61.472858,54.800373,49747600
AAPL,7/18/2013,61.91143,62.124287,61.515713,61.68,54.985031,54719700
AAPL,7/19/2013,61.871429,61.997143,60.621429,60.707142,54.117767,67180400
AAPL,7/22/2013,61.351429,61.392857,60.781429,60.901428,54.29097,51949100
AAPL,7/23/2013,60.857143,60.994286,59.815716,59.855713,53.358765,92348900
AAPL,7/24/2013,62.704285,63.512856,62.18,62.93,56.099354,147984200
AAPL,7/25/2013,62.957142,63.057144,62.258572,62.642857,55.843384,57373400
AAPL,7/26/2013,62.185715,63.005714,62.048573,62.998573,56.160473,50038100
AAPL,7/29/2013,62.971428,64.284286,62.885715,63.970001,57.02647,62014400
AAPL,7/30/2013,64.279999,65.307144,64.175713,64.760002,57.730732,77355600
AAPL,7/31/2013,64.998573,65.334282,64.204285,64.647141,57.630104,80739400
AAPL,8/1/2013,65.10714,65.257141,64.751427,65.239998,58.158611,51562700
AAPL,8/2/2013,65.43,66.121429,65.237144,66.077141,58.904881,68695900
AAPL,8/5/2013,66.384285,67.238571,66.021431,67.064285,59.784882,79713900
AAPL,8/6/2013,66.860001,67.412857,66.024284,66.464287,59.250011,83714400
AAPL,8/7/2013,66.257141,66.714287,65.96714,66.425713,59.215637,74714500
AAPL,8/8/2013,66.265717,66.300003,65.421425,65.858574,59.097698,63944300
AAPL,8/9/2013,65.519997,65.779999,64.807144,64.921425,58.256748,66716300
AAPL,8/12/2013,65.265717,66.949997,65.232857,66.765717,59.911697,91108500
AAPL,8/13/2013,67.277145,70.665718,66.864288,69.938568,62.758842,220485300
AAPL,8/14/2013,71.125717,72.035713,70.485718,71.214287,63.903587,189093100
AAPL,8/15/2013,70.917145,71.771431,69.868568,71.129997,63.827976,122573500
AAPL,8/16/2013,71.449997,71.848572,71.265717,71.761429,64.394569,90576500
AAPL,8/19/2013,72.048569,73.391426,72,72.534286,65.088066,127629600
AAPL,8/20/2013,72.815712,72.938568,71.545715,71.581429,64.233047,89672100
AAPL,8/21/2013,71.941429,72.449997,71.599998,71.765717,64.398415,83969900
AAPL,8/22/2013,72.139999,72.227142,71.171425,71.851425,64.475327,61051900
AAPL,8/23/2013,71.895714,71.907143,71.335716,71.574287,64.226639,55682900
AAPL,8/26/2013,71.535713,72.885712,71.5,71.852859,64.476616,82741400
AAPL,8/27/2013,71.14286,71.78714,69.471428,69.798569,62.633221,106047200
AAPL,8/28/2013,69.428574,70.828575,69.428574,70.128571,62.929325,76902000
AAPL,8/29/2013,70.235718,70.928574,70.16143,70.242859,63.031914,59914400
AAPL,8/30/2013,70.285713,70.421425,69.5,69.602859,62.4576,68074300
AAPL,9/3/2013,70.442856,71.514282,69.621429,69.797142,62.631935,82982200
AAPL,9/4/2013,71.365715,71.748573,70.897141,71.241432,63.927948,86258200
AAPL,9/5/2013,71.464287,71.525711,70.519997,70.752853,63.489521,59091900
AAPL,9/6/2013,71.205711,71.339996,69.992859,71.174286,63.867702,89881400
AAPL,9/9/2013,72.14286,72.559998,71.925713,72.309998,64.886833,85171800
AAPL,9/10/2013,72.314285,72.492859,69.928574,70.662857,63.408783,185798900
AAPL,9/11/2013,66.715714,67.669998,66.401428,66.815712,59.956573,224674100
AAPL,9/12/2013,66.928574,67.914284,66.572861,67.527145,60.594975,101012800
AAPL,9/13/2013,67.048569,67.404289,66.385712,66.414284,59.596348,74708900
AAPL,9/16/2013,65.85714,65.944283,63.888573,64.302856,57.701675,135926700
AAPL,9/17/2013,63.994286,65.672859,63.92857,65.045715,58.368282,99845200
AAPL,9/18/2013,66.168571,66.621429,65.808571,66.382858,59.568172,114215500
AAPL,9/19/2013,67.242859,67.975716,67.035713,67.471428,60.544979,101135300
AAPL,9/20/2013,68.285713,68.364288,66.571426,66.772858,59.918114,174825700
AAPL,9/23/2013,70.871429,70.987144,68.942856,70.091431,62.896011,190526700
AAPL,9/24/2013,70.697144,70.781425,69.688568,69.871429,62.698605,91086100
AAPL,9/25/2013,69.885712,69.94857,68.775711,68.790001,61.728176,79239300
AAPL,9/26/2013,69.428574,69.794289,69.128571,69.459999,62.329391,59305400
AAPL,9/27/2013,69.111427,69.238571,68.674286,68.964287,61.884579,57010100
AAPL,9/30/2013,68.178574,68.808571,67.772858,68.10714,61.115425,65039100
AAPL,10/1/2013,68.349998,69.877144,68.339996,69.708572,62.552456,88470900
AAPL,10/2/2013,69.375717,70.257141,69.10714,69.937141,62.757549,72296000
AAPL,10/3/2013,70.072861,70.335716,68.677139,69.058571,61.969196,80688300
AAPL,10/4/2013,69.122856,69.228569,68.371429,69.004288,61.920475,64717100
AAPL,10/7/2013,69.508568,70.378571,69.335716,69.678574,62.525539,78073100
AAPL,10/8/2013,69.991432,70.091431,68.648575,68.705711,61.652554,72729300
AAPL,10/9/2013,69.234283,69.684288,68.325714,69.512856,62.37682,75431300
AAPL,10/10/2013,70.188568,70.339996,69.577141,69.94857,62.767811,69650700
AAPL,10/11/2013,69.57,70.548569,69.308571,70.401428,63.174194,66934700
AAPL,10/14/2013,69.975716,71.082855,69.907143,70.862854,63.588249,65474500
AAPL,10/15/2013,71.072861,71.714287,70.788574,71.239998,63.926674,80018400
AAPL,10/16/2013,71.541428,71.790001,71.318573,71.587143,64.238182,62775300
AAPL,10/17/2013,71.425713,72.111427,71.382858,72.071426,64.672722,63398300
AAPL,10/18/2013,72.284286,72.751427,72.244286,72.69857,65.235519,72635500
AAPL,10/21/2013,73.110001,74.900002,73.074287,74.480003,66.834076,99526700
AAPL,10/22/2013,75.201431,75.492859,72.575714,74.267143,66.643051,133515900
AAPL,10/23/2013,74.14286,75.095711,74.14286,74.994286,67.295547,78430800
AAPL,10/24/2013,75,76.067146,74.635712,75.987144,68.186478,96191200
AAPL,10/25/2013,75.902855,76.175713,75.015717,75.137146,67.423714,84448000
AAPL,10/28/2013,75.577141,75.85714,74.744286,75.697144,67.926239,137610200
AAPL,10/29/2013,76.610001,77.035713,73.505714,73.811432,66.234116,158951800
AAPL,10/30/2013,74.230003,75.360001,73.860001,74.985718,67.287872,88540900
AAPL,10/31/2013,75,75.355713,74.46714,74.671425,67.005836,68924100
AAPL,11/1/2013,74.860001,74.971428,73.691429,74.290001,66.663559,68722500
AAPL,11/4/2013,74.442856,75.260002,74.115715,75.25,67.525009,61156900
AAPL,11/5/2013,74.940002,75.555717,74.714287,75.064285,67.358368,66303300
AAPL,11/6/2013,74.878571,74.980003,74.028572,74.417145,67.167526,55843900
AAPL,11/7/2013,74.225716,74.741432,73.197144,73.21286,66.080574,65655100
AAPL,11/8/2013,73.511429,74.447144,73.227142,74.365715,67.121124,69829200
AAPL,11/11/2013,74.284286,74.524284,73.487144,74.150002,66.926399,56863100
AAPL,11/12/2013,73.952858,74.845711,73.85714,74.28714,67.050186,51069200
AAPL,11/13/2013,74,74.60714,73.851425,74.375717,67.130127,49305200
AAPL,11/14/2013,74.687141,75.611427,74.552856,75.451431,68.101059,70604800
AAPL,11/15/2013,75.225716,75.584282,74.927139,74.998573,67.692329,79480100
AAPL,11/18/2013,74.998573,75.312859,74.028572,74.089996,66.872269,61236000
AAPL,11/19/2013,74.147141,74.76857,73.995712,74.221428,66.990891,52234700
AAPL,11/20/2013,74.175713,74.345711,73.475716,73.571426,66.404221,48479200
AAPL,11/21/2013,73.942856,74.458572,73.381432,74.44857,67.195892,65506700
AAPL,11/22/2013,74.21714,74.594284,74.075714,74.257141,67.023102,55931400
AAPL,11/25/2013,74.431427,75.124283,74.428574,74.82,67.531151,57327900
AAPL,11/26/2013,74.874283,76.591431,74.85714,76.199997,68.776688,100345700
AAPL,11/27/2013,76.615715,78,76.199997,77.994286,70.396179,90862100
AAPL,11/29/2013,78.497147,79.761429,78.258568,79.438568,71.699783,79531900
AAPL,12/2/2013,79.714287,80.618568,78.688568,78.747147,71.075706,118136200
AAPL,12/3/2013,79.757141,80.91143,79.668571,80.902855,73.0214,112742000
AAPL,12/4/2013,80.785713,81.312859,80.117142,80.714287,72.851219,94452400
AAPL,12/5/2013,81.807144,82.162857,80.915718,81.128571,73.225151,111895000
AAPL,12/6/2013,80.827141,80.964287,79.938568,80.002853,72.209099,86088100
AAPL,12/9/2013,80.128571,81.368568,80.128571,80.918571,73.035606,80123400
AAPL,12/10/2013,80.511429,81.125717,80.171425,80.792854,72.922142,69567400
AAPL,12/11/2013,81,81.567146,79.955711,80.194283,72.381866,89929700
AAPL,12/12/2013,80.305717,80.762856,80.004288,80.077141,72.276154,65572500
AAPL,12/13/2013,80.407143,80.41143,79.095711,79.204285,71.488319,83205500
AAPL,12/16/2013,79.288574,80.377144,79.28714,79.64286,71.884155,70648200
AAPL,12/17/2013,79.401428,79.919998,79.054283,79.284286,71.560516,57475600
AAPL,12/18/2013,78.528572,78.778572,76.971428,78.681427,71.016411,141465800
AAPL,12/19/2013,78.5,78.571426,77.675713,77.779999,70.202774,80077200
AAPL,12/20/2013,77.918571,78.80143,77.831429,78.431427,70.790741,109103400
AAPL,12/23/2013,81.14286,81.531425,80.394287,81.441429,73.507507,125326600
AAPL,12/24/2013,81.412857,81.697144,80.861427,81.095711,73.195473,41888700
AAPL,12/26/2013,81.157143,81.35714,80.482857,80.557144,72.709373,51002000
AAPL,12/27/2013,80.545715,80.629997,79.928574,80.012856,72.218124,56471100
AAPL,12/30/2013,79.637146,80.012856,78.902855,79.21714,71.499908,63407400
AAPL,12/31/2013,79.167145,80.182854,79.14286,80.145714,72.338036,55771100
AAPL,1/2/2014,79.382858,79.575714,78.860001,79.01857,71.320679,58671200
AAPL,1/3/2014,78.980003,79.099998,77.204285,77.28286,69.754066,98116900
AAPL,1/6/2014,76.778572,78.114288,76.228569,77.704285,70.134438,103152700
AAPL,1/7/2014,77.760002,77.994286,76.845711,77.148575,69.632866,79302300
AAPL,1/8/2014,76.972855,77.937141,76.955711,77.637146,70.073868,64632400
AAPL,1/9/2014,78.114288,78.122856,76.478569,76.645714,69.179001,69787200
AAPL,1/10/2014,77.118568,77.257141,75.872856,76.134285,68.7174,76244000
AAPL,1/13/2014,75.701431,77.5,75.697144,76.53286,69.077148,94623200
AAPL,1/14/2014,76.888573,78.104286,76.808571,78.055717,70.451653,83140400
AAPL,1/15/2014,79.074287,80.028572,78.808571,79.622856,71.866127,97909700
AAPL,1/16/2014,79.271431,79.550003,78.811432,79.178574,71.465111,57319500
AAPL,1/17/2014,78.78286,78.867142,77.128571,77.238571,69.714096,106684900
AAPL,1/21/2014,77.284286,78.581429,77.202858,78.438568,70.797203,82131700
AAPL,1/22/2014,78.701431,79.612854,78.258568,78.78714,71.111809,94996300
AAPL,1/23/2014,78.562859,79.5,77.830002,79.454285,71.713974,100809800
AAPL,1/24/2014,79.14286,79.374283,77.821426,78.010002,70.410385,107338700
AAPL,1/27/2014,78.581429,79.257141,77.964287,78.64286,70.98159,138719700
AAPL,1/28/2014,72.68,73.571426,71.724289,72.35714,65.308212,266380800
AAPL,1/29/2014,71.992859,72.48143,71.23143,71.535713,64.566803,125702500
AAPL,1/30/2014,71.791428,72.35714,70.957146,71.397141,64.441742,169625400
AAPL,1/31/2014,70.739998,71.647141,70.507141,71.514282,64.547462,116199300
AAPL,2/3/2014,71.80143,72.53286,71.328575,71.647141,64.667366,100366000
AAPL,2/4/2014,72.264282,72.779999,71.822861,72.684288,65.603485,94170300
AAPL,2/5/2014,72.365715,73.611427,72.321426,73.227142,66.093475,82086200
AAPL,2/6/2014,72.865715,73.35714,72.544289,73.215714,66.478683,64441300
AAPL,2/7/2014,74.482857,74.704285,73.91143,74.239998,67.408722,92570100
AAPL,2/10/2014,74.094284,75.998573,74,75.57,68.616371,86389800
AAPL,2/11/2014,75.80143,76.821426,75.64286,76.565712,69.520439,70564200
AAPL,2/12/2014,76.707146,77.080002,76.177139,76.559998,69.515259,77025200
AAPL,2/13/2014,76.379997,77.835716,76.314285,77.775711,70.61908,76849500
AAPL,2/14/2014,77.495712,77.997147,77.315712,77.71286,70.562035,68231100
AAPL,2/18/2014,78,78.741432,77.944283,77.998573,70.821465,65062900
AAPL,2/19/2014,77.821426,78.127144,76.335716,76.767143,69.703331,78442000
AAPL,2/20/2014,76.141426,76.714287,75.571426,75.878571,68.896507,76464500
AAPL,2/21/2014,76.112854,76.367142,74.942856,75.035713,68.13121,69696200
AAPL,2/24/2014,74.735718,75.702858,74.631432,75.364288,68.429565,72227400
AAPL,2/25/2014,75.625717,75.652855,74.428574,74.580002,67.717445,57988000
AAPL,2/26/2014,74.80143,75,73.657143,73.907143,67.106514,69054300
AAPL,2/27/2014,73.877144,75.540001,73.721428,75.381432,68.445129,75470500
AAPL,2/28/2014,75.582855,76.10714,74.58857,75.177139,68.259621,92992200
AAPL,3/3/2014,74.774284,75.807144,74.687141,75.394287,68.456795,59695300
AAPL,3/4/2014,75.85714,76.091431,75.395714,75.891426,68.908203,64785000
AAPL,3/5/2014,75.845711,76.39286,75.589996,76.05143,69.053474,50015700
AAPL,3/6/2014,76.112854,76.348572,75.442856,75.821426,68.84462,46372200
AAPL,3/7/2014,75.870003,75.997147,75.150002,75.777145,68.80442,55182400
AAPL,3/10/2014,75.480003,76.190002,75.477142,75.845711,68.866699,44646000
AAPL,3/11/2014,76.492859,76.96286,76.084282,76.584282,69.537308,69806100
AAPL,3/12/2014,76.358574,76.764282,76,76.658569,69.604744,49831600
AAPL,3/13/2014,76.777145,77.094284,75.594284,75.807144,68.831688,64435700
AAPL,3/14/2014,75.541428,75.841431,74.714287,74.955711,68.058601,59299800
AAPL,3/17/2014,75.385712,75.709999,75.121429,75.248573,68.324509,49886200
AAPL,3/18/2014,75.128571,75.995712,75.028572,75.914284,68.928955,52411800
AAPL,3/19/2014,76.03714,76.605713,75.571426,75.894287,68.910805,56189000
AAPL,3/20/2014,75.69857,76.095711,75.335716,75.528572,68.578728,52099600
AAPL,3/21/2014,75.989998,76.25,75.190002,76.124283,69.119606,93511600
AAPL,3/24/2014,76.917145,77.214287,76.437141,77.027145,69.939407,88925200
AAPL,3/25/2014,77.35714,77.964287,77.084282,77.855713,70.69175,70573300
AAPL,3/26/2014,78.074287,78.428574,76.980003,77.111427,70.015953,74942000
AAPL,3/27/2014,77.145714,77.35714,76.445717,76.779999,69.715019,55507900
AAPL,3/28/2014,76.902855,76.991432,76.321426,76.694283,69.637184,50141000
AAPL,3/31/2014,77.03286,77.258568,76.561432,76.677139,69.621613,42167300
AAPL,4/1/2014,76.822861,77.410004,76.681427,77.378571,70.258507,50190000
AAPL,4/2/2014,77.482857,77.639999,77.18,77.507141,70.375259,45105200
AAPL,4/3/2014,77.341431,77.5,76.805717,76.970001,69.88752,40586000
AAPL,4/4/2014,77.115715,77.14286,75.797142,75.974289,68.983444,68812800
AAPL,4/7/2014,75.431427,75.842857,74.555717,74.781425,67.900345,72462600
AAPL,4/8/2014,75.027145,75.160004,74.099998,74.777145,67.896446,60972100
AAPL,4/9/2014,74.662857,75.784286,74.574287,75.760002,68.788864,51542400
AAPL,4/10/2014,75.811432,76.034286,74.738571,74.78286,67.901665,59913000
AAPL,4/11/2014,74.14286,74.690002,73.877144,74.230003,67.399635,67929400
AAPL,4/14/2014,74.557144,74.594284,73.887146,74.525711,67.668137,51418500
AAPL,4/15/2014,74.324287,74.519997,73.047142,73.994286,67.185623,66622500
AAPL,4/16/2014,74.007141,74.441429,73.44857,74.144287,67.321823,53691400
AAPL,4/17/2014,74.285713,75.394287,74.171425,74.991432,68.091019,71083600
AAPL,4/21/2014,75.048569,76.019997,74.851425,75.881432,68.899124,45637200
AAPL,4/22/2014,75.472855,75.975716,75.214287,75.957146,68.96788,50640800
AAPL,4/23/2014,75.580002,75.875717,74.921425,74.964287,68.066368,98735000
AAPL,4/24/2014,81.172859,81.428574,80.104286,81.110001,73.646561,189977900
AAPL,4/25/2014,80.647141,81.71286,80.565712,81.705711,74.187462,97568800
AAPL,4/28/2014,81.828575,85.10714,81.792854,84.870003,77.060608,167371400
AAPL,4/29/2014,84.82,85.139999,84.215714,84.618568,76.832321,84344400
AAPL,4/30/2014,84.662857,85.632858,84.257141,84.298569,76.541756,114160200
AAPL,5/1/2014,84.571426,84.971428,83.765717,84.497147,76.722069,61012000
AAPL,5/2/2014,84.620003,84.885712,84.244286,84.654289,76.864746,47878600
AAPL,5/5/2014,84.305717,85.85714,84.285713,85.851425,77.951714,71766800
AAPL,5/6/2014,85.971428,86.344284,84.915718,84.915718,77.102119,93641100
AAPL,5/7/2014,85.035713,85.327141,83.961426,84.618568,76.832321,70716100
AAPL,5/8/2014,84.035713,84.915718,83.771431,83.998573,76.695351,57574300
AAPL,5/9/2014,83.505714,83.75,82.904289,83.648575,76.375778,72899400
AAPL,5/12/2014,83.927139,84.808571,83.914284,84.690002,77.32666,53302200
AAPL,5/13/2014,84.571426,84.934288,84.385712,84.822861,77.447975,39934300
AAPL,5/14/2014,84.632858,85.342857,84.534286,84.83857,77.462318,41601000
AAPL,5/15/2014,84.957146,85.228569,84.005714,84.117142,76.803604,57711500
AAPL,5/16/2014,84.089996,85.361427,83.628571,85.358574,77.937103,69064100
AAPL,5/19/2014,85.407143,86.761429,85.332855,86.370003,78.860596,79438800
AAPL,5/20/2014,86.358574,86.628571,85.818573,86.387146,78.876244,58709000
AAPL,5/21/2014,86.261429,86.671425,86.008568,86.615715,79.084953,49214900
AAPL,5/22/2014,86.657143,87.121429,86.300003,86.752853,79.210167,50190000
AAPL,5/23/2014,86.75,87.818573,86.638573,87.732857,80.104965,58052400
AAPL,5/27/2014,87.982857,89.408569,87.947144,89.375717,81.60498,87216500
AAPL,5/28/2014,89.431427,89.975716,89.111427,89.144287,81.393684,78870400
AAPL,5/29/2014,89.692856,90.98143,89.681427,90.76857,82.876732,94118500
AAPL,5/30/2014,91.139999,92.024284,89.842857,90.428574,82.566299,141005200
AAPL,6/2/2014,90.565712,90.690002,88.928574,89.807144,81.998901,92337700
AAPL,6/3/2014,89.779999,91.248573,89.75,91.077141,83.158447,73177300
AAPL,6/4/2014,91.062859,92.555717,90.872856,92.117142,84.108047,83870500
AAPL,6/5/2014,92.314285,92.767143,91.80143,92.478569,84.438065,75951400
AAPL,6/6/2014,92.842857,93.03714,92.067146,92.224289,84.205879,87484600
AAPL,6/9/2014,92.699997,93.879997,91.75,93.699997,85.553299,75415000
AAPL,6/10/2014,94.730003,95.050003,93.57,94.25,86.055473,62777000
AAPL,6/11/2014,94.129997,94.760002,93.470001,93.860001,85.699394,45681000
AAPL,6/12/2014,94.040001,94.120003,91.900002,92.290001,84.265892,54749000
AAPL,6/13/2014,92.199997,92.440002,90.879997,91.279999,83.343689,54525000
AAPL,6/16/2014,91.510002,92.75,91.449997,92.199997,84.183716,35561000
AAPL,6/17/2014,92.309998,92.699997,91.800003,92.080002,84.074142,29726000
AAPL,6/18/2014,92.269997,92.290001,91.349998,92.18,84.165443,33514000
AAPL,6/19/2014,92.290001,92.300003,91.339996,91.860001,83.87326,35528000
AAPL,6/20/2014,91.849998,92.550003,90.900002,90.910004,83.005875,100898000
AAPL,6/23/2014,91.32,91.620003,90.599998,90.830002,82.932816,43694000
AAPL,6/24/2014,90.75,91.739998,90.190002,90.279999,82.430641,39036000
AAPL,6/25/2014,90.209999,90.699997,89.650002,90.360001,82.503693,36869000
AAPL,6/26/2014,90.370003,91.050003,89.800003,90.900002,82.996742,32629000
AAPL,6/27/2014,90.82,92,90.769997,91.980003,83.982841,64029000
AAPL,6/30/2014,92.099998,93.730003,92.089996,92.93,84.85022,49482300
AAPL,7/1/2014,93.519997,94.07,93.129997,93.519997,85.388931,38223000
AAPL,7/2/2014,93.870003,94.059998,93.089996,93.480003,85.352425,28465000
AAPL,7/3/2014,93.669998,94.099998,93.199997,94.029999,85.854591,22891800
AAPL,7/7/2014,94.139999,95.989998,94.099998,95.970001,87.625931,56468000
AAPL,7/8/2014,96.269997,96.800003,93.919998,95.349998,87.05983,65222000
AAPL,7/9/2014,95.440002,95.949997,94.760002,95.389999,87.096336,36436000
AAPL,7/10/2014,93.760002,95.550003,93.519997,95.040001,86.776787,39686000
AAPL,7/11/2014,95.360001,95.889999,94.860001,95.220001,86.941147,34018000
AAPL,7/14/2014,95.860001,96.889999,95.650002,96.449997,88.064171,42810000
AAPL,7/15/2014,96.800003,96.849998,95.029999,95.32,87.032448,45477900
AAPL,7/16/2014,96.970001,97.099998,94.739998,94.779999,86.539406,53396300
AAPL,7/17/2014,95.029999,95.279999,92.57,93.089996,84.996323,57298000
AAPL,7/18/2014,93.620003,94.739998,93.019997,94.43,86.219818,49988000
AAPL,7/21/2014,94.989998,95,93.720001,93.940002,85.772446,39079000
AAPL,7/22/2014,94.68,94.889999,94.120003,94.720001,86.484596,55197000
AAPL,7/23/2014,95.419998,97.879997,95.169998,97.190002,88.739861,92918000
AAPL,7/24/2014,97.040001,97.32,96.419998,97.029999,88.593758,45729000
AAPL,7/25/2014,96.849998,97.839996,96.639999,97.669998,89.178123,43469000
AAPL,7/28/2014,97.82,99.239998,97.550003,99.019997,90.410744,55318000
AAPL,7/29/2014,99.330002,99.440002,98.25,98.379997,89.826393,43143000
AAPL,7/30/2014,98.440002,98.699997,97.669998,98.150002,89.616379,33010000
AAPL,7/31/2014,97.160004,97.449997,95.330002,95.599998,87.288086,56843000
AAPL,8/1/2014,94.900002,96.620003,94.809998,96.129997,87.772003,48511000
AAPL,8/4/2014,96.370003,96.580002,95.169998,95.589996,87.278961,39958000
AAPL,8/5/2014,95.360001,95.68,94.360001,95.120003,86.849831,55933000
AAPL,8/6/2014,94.75,95.480003,94.709999,94.959999,86.703743,38558000
AAPL,8/7/2014,94.93,95.949997,94.099998,94.480003,86.694572,46711000
AAPL,8/8/2014,94.260002,94.82,93.279999,94.739998,86.933136,41865000
AAPL,8/11/2014,95.269997,96.080002,94.839996,95.989998,88.080132,36585000
AAPL,8/12/2014,96.040001,96.879997,95.610001,95.970001,88.06179,33795000
AAPL,8/13/2014,96.150002,97.239998,96.040001,97.239998,89.227127,31916000
AAPL,8/14/2014,97.330002,97.57,96.800003,97.5,89.465721,28116000
AAPL,8/15/2014,97.900002,98.190002,96.860001,97.980003,89.906174,48951000
AAPL,8/18/2014,98.489998,99.370003,97.980003,99.160004,90.98893,47572000
AAPL,8/19/2014,99.410004,100.68,99.32,100.529999,92.246033,69399000
AAPL,8/20/2014,100.440002,101.089996,99.949997,100.57,92.282745,52699000
AAPL,8/21/2014,100.57,100.940002,100.110001,100.580002,92.291901,33478000
AAPL,8/22/2014,100.290001,101.470001,100.190002,101.32,92.970932,44184000
AAPL,8/25/2014,101.790001,102.169998,101.279999,101.540001,93.172791,40270000
AAPL,8/26/2014,101.419998,101.5,100.860001,100.889999,92.576363,33152000
AAPL,8/27/2014,101.019997,102.57,100.699997,102.129997,93.714172,52369000
AAPL,8/28/2014,101.589996,102.779999,101.559998,102.25,93.82431,68460000
AAPL,8/29/2014,102.860001,102.900002,102.199997,102.5,94.05368,44595000
AAPL,9/2/2014,103.059998,103.739998,102.720001,103.300003,94.787781,53564000
AAPL,9/3/2014,103.099998,103.199997,98.580002,98.940002,90.787048,125421000
AAPL,9/4/2014,98.849998,100.089996,97.790001,98.120003,90.034622,85718000
AAPL,9/5/2014,98.800003,99.389999,98.309998,98.970001,90.814583,58457000
AAPL,9/8/2014,99.300003,99.309998,98.050003,98.360001,90.254837,46356700
AAPL,9/9/2014,99.080002,103.080002,96.139999,97.989998,89.915321,189846300
AAPL,9/10/2014,98.010002,101.110001,97.760002,101,92.677299,100869600
AAPL,9/11/2014,100.410004,101.440002,99.620003,101.43,93.071877,62353100
AAPL,9/12/2014,101.209999,102.190002,101.080002,101.660004,93.282913,62626100
AAPL,9/15/2014,102.809998,103.050003,101.440002,101.629997,93.255379,61316500
AAPL,9/16/2014,99.800003,101.260002,98.889999,100.860001,92.548836,66908100
AAPL,9/17/2014,101.269997,101.800003,100.589996,101.580002,93.209496,60926500
AAPL,9/18/2014,101.93,102.349998,101.559998,101.790001,93.402184,37299400
AAPL,9/19/2014,102.290001,102.349998,100.5,100.959999,92.640594,70902400
AAPL,9/22/2014,101.800003,102.139999,100.580002,101.059998,92.732346,52788400
AAPL,9/23/2014,100.599998,102.940002,100.540001,102.639999,94.182167,63402200
AAPL,9/24/2014,102.160004,102.849998,101.199997,101.75,93.365494,60171800
AAPL,9/25/2014,100.510002,100.709999,97.720001,97.870003,89.805222,100092000
AAPL,9/26/2014,98.529999,100.75,98.400002,100.75,92.447876,62370500
AAPL,9/29/2014,98.650002,100.440002,98.629997,100.110001,91.860641,49766300
AAPL,9/30/2014,100.809998,101.540001,100.529999,100.75,92.447876,55264100
AAPL,10/1/2014,100.589996,100.690002,98.699997,99.18,91.007271,51491300
AAPL,10/2/2014,99.269997,100.220001,98.040001,99.900002,91.667946,47757800
AAPL,10/3/2014,99.440002,100.209999,99.040001,99.620003,91.411026,43469600
AAPL,10/6/2014,99.949997,100.650002,99.419998,99.620003,91.411026,37051200
AAPL,10/7/2014,99.43,100.120003,98.730003,98.75,90.612694,42094200
AAPL,10/8/2014,98.760002,101.110001,98.309998,100.800003,92.493782,57404700
AAPL,10/9/2014,101.540001,102.379997,100.610001,101.019997,92.695656,77376500
AAPL,10/10/2014,100.690002,102.029999,100.300003,100.730003,92.429558,66331600
AAPL,10/13/2014,101.330002,101.779999,99.809998,99.809998,91.585358,53583400
AAPL,10/14/2014,100.389999,100.519997,98.57,98.75,90.612694,63688600
AAPL,10/15/2014,97.970001,99.150002,95.18,97.540001,89.502411,100933600
AAPL,10/16/2014,95.550003,97.720001,95.410004,96.260002,88.327888,72154500
AAPL,10/17/2014,97.5,99,96.809998,97.669998,89.621696,68179700
AAPL,10/20/2014,98.32,99.959999,98.220001,99.760002,91.539482,77517300
AAPL,10/21/2014,103.019997,103.019997,101.269997,102.470001,94.026176,94623900
AAPL,10/22/2014,102.839996,104.110001,102.599998,102.989998,94.503311,68263100
AAPL,10/23/2014,104.080002,105.050003,103.629997,104.830002,96.191689,71074700
AAPL,10/24/2014,105.18,105.489998,104.529999,105.220001,96.549545,47053900
AAPL,10/27/2014,104.849998,105.480003,104.699997,105.110001,96.448616,34187700
AAPL,10/28/2014,105.400002,106.739998,105.349998,106.739998,97.944298,48060900
AAPL,10/29/2014,106.650002,107.370003,106.360001,107.339996,98.49485,52687900
AAPL,10/30/2014,106.959999,107.349998,105.900002,106.980003,98.164513,40654800
AAPL,10/31/2014,108.010002,108.040001,107.209999,108,99.100471,44639300
AAPL,11/3/2014,108.220001,110.300003,108.010002,109.400002,100.385109,52282600
AAPL,11/4/2014,109.360001,109.489998,107.720001,108.599998,99.651047,41574400
AAPL,11/5/2014,109.099998,109.300003,108.129997,108.860001,99.889618,37435900
AAPL,11/6/2014,108.599998,108.790001,107.800003,108.699997,100.175293,34968500
AAPL,11/7/2014,108.75,109.32,108.550003,109.010002,100.460983,33691500
AAPL,11/10/2014,109.019997,109.330002,108.669998,108.830002,100.295105,27195500
AAPL,11/11/2014,108.699997,109.75,108.400002,109.699997,101.09687,27442300
AAPL,11/12/2014,109.379997,111.43,109.370003,111.25,102.525322,46942400
AAPL,11/13/2014,111.800003,113.449997,111.599998,112.82,103.972198,59522900
AAPL,11/14/2014,113.150002,114.190002,111.209999,114.18,105.22554,44063600
AAPL,11/17/2014,114.269997,117.279999,113.300003,113.989998,105.05043,46746700
AAPL,11/18/2014,113.940002,115.690002,113.889999,115.470001,106.414368,44224000
AAPL,11/19/2014,115.440002,115.739998,113.800003,114.669998,105.677094,41869200
AAPL,11/20/2014,114.910004,116.860001,114.849998,116.309998,107.188477,43395500
AAPL,11/21/2014,117.510002,117.57,116.029999,116.470001,107.335945,57179300
AAPL,11/24/2014,116.849998,118.769997,116.620003,118.629997,109.326523,47450800
AAPL,11/25/2014,119.07,119.75,117.449997,117.599998,108.377327,68840400
AAPL,11/26/2014,117.940002,119.099998,117.830002,119,109.667534,40768300
AAPL,11/28/2014,119.269997,119.400002,118.050003,118.93,109.603027,24814400
AAPL,12/1/2014,118.809998,119.25,111.269997,115.07,106.045738,83814000
AAPL,12/2/2014,113.5,115.75,112.75,114.629997,105.640228,59348900
AAPL,12/3/2014,115.75,116.349998,115.110001,115.93,106.838287,43063400
AAPL,12/4/2014,115.769997,117.199997,115.290001,115.489998,106.432808,42044500
AAPL,12/5/2014,115.989998,116.080002,114.639999,115,105.981209,38318900
AAPL,12/8/2014,114.099998,114.650002,111.620003,112.400002,103.585136,57664900
AAPL,12/9/2014,110.190002,114.300003,109.349998,114.120003,105.170227,60208000
AAPL,12/10/2014,114.410004,114.849998,111.540001,111.949997,103.170418,44565300
AAPL,12/11/2014,112.260002,113.800003,111.339996,111.620003,102.866295,41401700
AAPL,12/12/2014,110.459999,111.870003,109.580002,109.730003,101.124519,56028100
AAPL,12/15/2014,110.699997,111.599998,106.349998,108.230003,99.742172,67218100
AAPL,12/16/2014,106.370003,110.160004,106.260002,106.75,98.378212,60790700
AAPL,12/17/2014,107.120003,109.839996,106.82,109.410004,100.82962,53411800
AAPL,12/18/2014,111.870003,112.650002,110.660004,112.650002,103.815514,59006200
AAPL,12/19/2014,112.260002,113.239998,111.660004,111.779999,103.013756,88429800
AAPL,12/22/2014,112.160004,113.489998,111.970001,112.940002,104.082771,45167500
AAPL,12/23/2014,113.230003,113.330002,112.459999,112.540001,103.714149,26028400
AAPL,12/24/2014,112.580002,112.709999,112.010002,112.010002,103.225708,14479600
AAPL,12/26/2014,112.099998,114.519997,112.010002,113.989998,105.05043,33721000
AAPL,12/29/2014,113.790001,114.769997,113.699997,113.910004,104.97673,27598900
AAPL,12/30/2014,113.639999,113.919998,112.110001,112.519997,103.695717,29881500
AAPL,12/31/2014,112.82,113.129997,110.209999,110.379997,101.723541,41403400
AAPL,1/2/2015,111.389999,111.440002,107.349998,109.330002,100.755898,53204600
AAPL,1/5/2015,108.290001,108.650002,105.410004,106.25,97.917427,64285500
AAPL,1/6/2015,106.540001,107.43,104.629997,106.260002,97.926666,65797100
AAPL,1/7/2015,107.199997,108.199997,106.699997,107.75,99.299805,40105900
AAPL,1/8/2015,109.230003,112.150002,108.699997,111.889999,103.115128,59364500
AAPL,1/9/2015,112.669998,113.25,110.209999,112.010002,103.225708,53699500
AAPL,1/12/2015,112.599998,112.629997,108.800003,109.25,100.682159,49650800
AAPL,1/13/2015,111.43,112.800003,108.910004,110.220001,101.57608,67091900
AAPL,1/14/2015,109.040001,110.489998,108.5,109.800003,101.189041,48956600
AAPL,1/15/2015,110,110.059998,106.660004,106.82,98.442726,60014000
AAPL,1/16/2015,107.029999,107.580002,105.199997,105.989998,97.677811,78513300
AAPL,1/20/2015,107.839996,108.970001,106.5,108.720001,100.193726,49899900
AAPL,1/21/2015,108.949997,111.059998,108.269997,109.550003,100.958649,48575900
AAPL,1/22/2015,110.260002,112.470001,109.720001,112.400002,103.585136,53796400
AAPL,1/23/2015,112.300003,113.75,111.529999,112.980003,104.119629,46464800
AAPL,1/26/2015,113.739998,114.360001,112.800003,113.099998,104.230232,55615000
AAPL,1/27/2015,112.419998,112.480003,109.029999,109.139999,100.580803,95568700
AAPL,1/28/2015,117.629997,118.120003,115.309998,115.309998,106.266914,146477100
AAPL,1/29/2015,116.32,119.190002,115.559998,118.900002,109.575378,84436400
AAPL,1/30/2015,118.400002,120,116.849998,117.160004,107.971832,83745500
AAPL,2/2/2015,118.050003,119.169998,116.080002,118.629997,109.326523,62739100
AAPL,2/3/2015,118.5,119.089996,117.610001,118.650002,109.344986,51915700
AAPL,2/4/2015,118.5,120.510002,118.309998,119.559998,110.183594,70149700
AAPL,2/5/2015,120.019997,120.230003,119.25,119.940002,110.970047,42246200
AAPL,2/6/2015,120.019997,120.25,118.449997,118.93,110.035568,43706600
AAPL,2/9/2015,118.550003,119.839996,118.43,119.720001,110.76651,38889800
AAPL,2/10/2015,120.169998,122.150002,120.160004,122.019997,112.894493,62008500
AAPL,2/11/2015,122.769997,124.919998,122.5,124.879997,115.540604,73561800
AAPL,2/12/2015,126.059998,127.480003,125.57,126.459999,117.002419,74474500
AAPL,2/13/2015,127.279999,127.279999,125.650002,127.080002,117.576057,54272200
AAPL,2/17/2015,127.489998,128.880005,126.919998,127.830002,118.269974,63152400
AAPL,2/18/2015,127.629997,128.779999,127.449997,128.720001,119.09343,44891700
AAPL,2/19/2015,128.479996,129.029999,128.330002,128.449997,118.843582,37362400
AAPL,2/20/2015,128.619995,129.5,128.050003,129.5,119.815071,48948400
AAPL,2/23/2015,130.020004,133,129.660004,133,123.053322,70974100
AAPL,2/24/2015,132.940002,133.600006,131.169998,132.169998,122.285408,69228100
AAPL,2/25/2015,131.559998,131.600006,128.149994,128.789993,119.158165,74711700
AAPL,2/26/2015,128.789993,130.869995,126.610001,130.419998,120.66629,91287500
AAPL,2/27/2015,130,130.570007,128.240005,128.460007,118.852852,62014800
AAPL,3/2/2015,129.25,130.279999,128.300003,129.089996,119.435738,48096700
AAPL,3/3/2015,128.960007,129.520004,128.089996,129.360001,119.685532,37816300
AAPL,3/4/2015,129.100006,129.559998,128.320007,128.539993,118.92688,31666300
AAPL,3/5/2015,128.580002,128.75,125.760002,126.410004,116.956177,56517100
AAPL,3/6/2015,128.399994,129.369995,126.260002,126.599998,117.131958,72842100
AAPL,3/9/2015,127.959999,129.570007,125.059998,127.139999,117.631577,88528500
AAPL,3/10/2015,126.410004,127.220001,123.800003,124.510002,115.198265,68856600
AAPL,3/11/2015,124.75,124.769997,122.110001,122.239998,113.098038,68939000
AAPL,3/12/2015,122.309998,124.900002,121.629997,124.449997,115.142754,48362700
AAPL,3/13/2015,124.400002,125.400002,122.580002,123.589996,114.347054,51827300
AAPL,3/16/2015,123.879997,124.949997,122.870003,124.949997,115.605362,35874300
AAPL,3/17/2015,125.900002,127.32,125.650002,127.040001,117.539047,51023100
AAPL,3/18/2015,127,129.160004,126.370003,128.470001,118.862114,65270900
AAPL,3/19/2015,128.75,129.25,127.400002,127.5,117.964661,45809500
AAPL,3/20/2015,128.25,128.399994,125.160004,125.900002,116.484314,68695100
AAPL,3/23/2015,127.120003,127.849998,126.519997,127.209999,117.69632,37709700
AAPL,3/24/2015,127.230003,128.039993,126.559998,126.690002,117.215256,32842300
AAPL,3/25/2015,126.540001,126.82,123.379997,123.379997,114.152763,51655200
AAPL,3/26/2015,122.760002,124.879997,122.599998,124.239998,114.948456,47572900
AAPL,3/27/2015,124.57,124.699997,122.910004,123.25,114.032494,39546200
AAPL,3/30/2015,124.050003,126.400002,124,126.370003,116.919159,47099700
AAPL,3/31/2015,126.089996,126.489998,124.360001,124.43,115.124252,42090600
AAPL,4/1/2015,124.82,125.120003,123.099998,124.25,114.957703,40621400
AAPL,4/2/2015,125.029999,125.559998,124.190002,125.32,115.947678,32220100
AAPL,4/6/2015,124.470001,127.510002,124.330002,127.349998,117.825859,37194000
AAPL,4/7/2015,127.639999,128.119995,125.980003,126.010002,116.586082,35012300
AAPL,4/8/2015,125.849998,126.400002,124.970001,125.599998,116.206741,37329200
AAPL,4/9/2015,125.849998,126.580002,124.660004,126.559998,117.094955,32484000
AAPL,4/10/2015,125.949997,127.209999,125.260002,127.099998,117.594566,40188000
AAPL,4/13/2015,128.369995,128.570007,126.610001,126.849998,117.363266,36365100
AAPL,4/14/2015,127,127.290001,125.910004,126.300003,116.854393,25524600
AAPL,4/15/2015,126.410004,127.129997,126.010002,126.779999,117.298492,28970400
AAPL,4/16/2015,126.279999,127.099998,126.110001,126.169998,116.734108,28369000
AAPL,4/17/2015,125.550003,126.139999,124.459999,124.75,115.420311,51957000
AAPL,4/20/2015,125.57,128.119995,125.169998,127.599998,118.057198,47054300
AAPL,4/21/2015,128.100006,128.199997,126.669998,126.910004,117.41877,32435100
AAPL,4/22/2015,126.989998,128.869995,126.32,128.619995,119.0009,37654500
AAPL,4/23/2015,128.300003,130.419998,128.139999,129.669998,119.972366,45770900
AAPL,4/24/2015,130.490005,130.630005,129.229996,130.279999,120.536766,44525900
AAPL,4/27/2015,132.309998,133.130005,131.149994,132.649994,122.729507,96954200
AAPL,4/28/2015,134.460007,134.539993,129.570007,130.559998,120.79583,118924000
AAPL,4/29/2015,130.160004,131.589996,128.300003,128.639999,119.019402,63386100
AAPL,4/30/2015,128.639999,128.639999,124.580002,125.150002,115.790398,83195400
AAPL,5/1/2015,126.099998,130.130005,125.300003,128.949997,119.306213,58512600
AAPL,5/4/2015,129.5,130.570007,128.259995,128.699997,119.074913,50988300
AAPL,5/5/2015,128.149994,128.449997,125.779999,125.800003,116.3918,49271400
AAPL,5/6/2015,126.559998,126.75,123.360001,125.010002,115.660881,72141000
AAPL,5/7/2015,124.769997,126.080002,124.019997,125.260002,116.376266,43940900
AAPL,5/8/2015,126.68,127.620003,126.110001,127.620003,118.568901,55550400
AAPL,5/11/2015,127.389999,127.559998,125.629997,126.32,117.361092,42035800
AAPL,5/12/2015,125.599998,126.879997,124.82,125.870003,116.943008,48160000
AAPL,5/13/2015,126.150002,127.190002,125.870003,126.010002,117.073074,34694200
AAPL,5/14/2015,127.410004,128.949997,127.160004,128.949997,119.804558,45203500
AAPL,5/15/2015,129.070007,129.490005,128.210007,128.770004,119.637329,38208000
AAPL,5/18/2015,128.380005,130.720001,128.360001,130.190002,120.956619,50882900
AAPL,5/19/2015,130.690002,130.880005,129.639999,130.070007,120.845154,44633200
AAPL,5/20/2015,130,130.979996,129.339996,130.059998,120.835808,36454900
AAPL,5/21/2015,130.070007,131.630005,129.830002,131.389999,122.071541,39730400
AAPL,5/22/2015,131.600006,132.970001,131.399994,132.539993,123.139961,45596000
AAPL,5/26/2015,132.600006,132.910004,129.119995,129.619995,120.427025,70697600
AAPL,5/27/2015,130.339996,132.259995,130.050003,132.039993,122.675392,45833200
AAPL,5/28/2015,131.860001,131.949997,131.100006,131.779999,122.433838,30733300
AAPL,5/29/2015,131.229996,131.449997,129.899994,130.279999,121.040253,50884500
AAPL,6/1/2015,130.279999,131.389999,130.050003,130.539993,121.281799,32112800
AAPL,6/2/2015,129.860001,130.660004,129.320007,129.960007,120.742943,33667600
AAPL,6/3/2015,130.660004,130.940002,129.899994,130.119995,120.891586,30983500
AAPL,6/4/2015,129.580002,130.580002,128.910004,129.360001,120.185486,38450100
AAPL,6/5/2015,129.5,129.690002,128.360001,128.649994,119.525826,35626800
AAPL,6/8/2015,128.899994,129.210007,126.830002,127.800003,118.73613,52674800
AAPL,6/9/2015,126.699997,128.080002,125.620003,127.419998,118.383064,56075400
AAPL,6/10/2015,127.919998,129.339996,127.849998,128.880005,119.739525,39087300
AAPL,6/11/2015,129.179993,130.179993,128.479996,128.589996,119.470093,35390900
AAPL,6/12/2015,128.190002,128.330002,127.110001,127.169998,118.15081,36886200
AAPL,6/15/2015,126.099998,127.239998,125.709999,126.919998,117.918549,43988900
AAPL,6/16/2015,127.029999,127.849998,126.370003,127.599998,118.550316,31494100
AAPL,6/17/2015,127.720001,127.879997,126.739998,127.300003,118.271584,32918100
AAPL,6/18/2015,127.230003,128.309998,127.220001,127.879997,118.810448,35407200
AAPL,6/19/2015,127.709999,127.82,126.400002,126.599998,117.621239,54716900
AAPL,6/22/2015,127.489998,128.059998,127.080002,127.610001,118.559601,34039300
AAPL,6/23/2015,127.480003,127.610001,126.879997,127.029999,118.020721,30268900
AAPL,6/24/2015,127.209999,129.800003,127.120003,128.110001,119.024139,55280900
AAPL,6/25/2015,128.860001,129.199997,127.5,127.5,118.457405,31938100
AAPL,6/26/2015,127.669998,127.989998,126.510002,126.75,117.760605,44066800
AAPL,6/29/2015,125.459999,126.470001,124.480003,124.529999,115.698044,49161400
AAPL,6/30/2015,125.57,126.120003,124.860001,125.43,116.534195,44370700
AAPL,7/1/2015,126.900002,126.940002,125.989998,126.599998,117.621239,30238800
AAPL,7/2/2015,126.43,126.690002,125.769997,126.440002,117.472565,27211000
AAPL,7/6/2015,124.940002,126.230003,124.849998,126,117.063797,28060400
AAPL,7/7/2015,125.889999,126.150002,123.769997,125.690002,116.775772,46946800
AAPL,7/8/2015,124.480003,124.639999,122.540001,122.57,113.877052,60761600
AAPL,7/9/2015,123.849998,124.059998,119.220001,120.07,111.554359,78595000
AAPL,7/10/2015,121.940002,123.849998,121.209999,123.279999,114.536697,61354500
AAPL,7/13/2015,125.029999,125.760002,124.32,125.660004,116.747902,41440500
AAPL,7/14/2015,126.040001,126.370003,125.040001,125.610001,116.701447,31768100
AAPL,7/15/2015,125.720001,127.150002,125.580002,126.82,117.825638,33649200
AAPL,7/16/2015,127.739998,128.570007,127.349998,128.509995,119.395767,36222400
AAPL,7/17/2015,129.080002,129.619995,128.309998,129.619995,120.427025,46164700
AAPL,7/20/2015,130.970001,132.970001,130.699997,132.070007,122.703278,58900200
AAPL,7/21/2015,132.850006,132.919998,130.320007,130.75,121.476906,76756400
AAPL,7/22/2015,121.989998,125.5,121.989998,125.220001,116.339096,115450600
AAPL,7/23/2015,126.199997,127.089996,125.059998,125.160004,116.283371,50999500
AAPL,7/24/2015,125.32,125.739998,123.900002,124.5,115.670166,42162300
AAPL,7/27/2015,123.089996,123.610001,122.120003,122.769997,114.062859,44455500
AAPL,7/28/2015,123.379997,123.910004,122.550003,123.379997,114.629601,33618100
AAPL,7/29/2015,123.150002,123.5,122.269997,122.989998,114.267258,37011700
AAPL,7/30/2015,122.32,122.57,121.709999,122.370003,113.691231,33628300
AAPL,7/31/2015,122.599998,122.639999,120.910004,121.300003,112.697105,42885000
AAPL,8/3/2015,121.5,122.57,117.519997,118.440002,110.03997,69976000
AAPL,8/4/2015,117.419998,117.699997,113.25,114.639999,106.509476,124138600
AAPL,8/5/2015,112.949997,117.440002,112.099998,115.400002,107.215553,99312600
AAPL,8/6/2015,115.970001,116.5,114.120003,115.129997,107.448891,52903000
AAPL,8/7/2015,114.580002,116.25,114.5,115.519997,107.812859,38670400
AAPL,8/10/2015,116.529999,119.989998,116.529999,119.720001,111.732651,54951600
AAPL,8/11/2015,117.809998,118.18,113.330002,113.489998,105.918304,97082800
AAPL,8/12/2015,112.529999,115.419998,109.629997,115.239998,107.551552,101217500
AAPL,8/13/2015,116.040001,116.400002,114.540001,115.150002,107.467552,48535800
AAPL,8/14/2015,114.32,116.309998,114.010002,115.959999,108.223495,42929500
AAPL,8/17/2015,116.040001,117.650002,115.5,117.160004,109.343437,40884700
AAPL,8/18/2015,116.43,117.440002,116.010002,116.5,108.727463,34560700
AAPL,8/19/2015,116.099998,116.519997,114.68,115.010002,107.336884,48286500
AAPL,8/20/2015,114.080002,114.349998,111.629997,112.650002,105.134331,68501600
AAPL,8/21/2015,110.43,111.900002,105.650002,105.760002,98.704018,128275500
AAPL,8/24/2015,94.870003,108.800003,92,103.120003,96.240166,162206300
AAPL,8/25/2015,111.110001,111.110001,103.5,103.739998,96.818787,103601600
AAPL,8/26/2015,107.089996,109.889999,105.050003,109.690002,102.371834,96774600
AAPL,8/27/2015,112.230003,113.239998,110.019997,112.919998,105.386337,84616100
AAPL,8/28/2015,112.169998,113.309998,111.540001,113.290001,105.731636,53164400
AAPL,8/31/2015,112.029999,114.529999,112,112.760002,105.237,56229300
AAPL,9/1/2015,110.150002,111.879997,107.360001,107.720001,100.533249,76845900
AAPL,9/2/2015,110.230003,112.339996,109.129997,112.339996,104.845024,61888800
AAPL,9/3/2015,112.489998,112.779999,110.040001,110.370003,103.006447,53233900
AAPL,9/4/2015,108.970001,110.449997,108.510002,109.269997,101.979836,49996300
AAPL,9/8/2015,111.75,112.559998,110.32,112.309998,104.817017,54843600
AAPL,9/9/2015,113.760002,114.019997,109.769997,110.150002,102.801125,85010800
AAPL,9/10/2015,110.269997,113.279999,109.900002,112.57,105.059677,62892800
AAPL,9/11/2015,111.790001,114.209999,111.760002,114.209999,106.590263,49915500
AAPL,9/14/2015,116.580002,116.889999,114.860001,115.309998,107.616867,58363400
AAPL,9/15/2015,115.93,116.529999,114.419998,116.279999,108.522148,43341200
AAPL,9/16/2015,116.25,116.540001,115.440002,116.410004,108.643478,37173500
AAPL,9/17/2015,115.660004,116.489998,113.720001,113.919998,106.319611,64112600
AAPL,9/18/2015,112.209999,114.300003,111.870003,113.449997,105.880959,74285300
AAPL,9/21/2015,113.669998,115.370003,113.660004,115.209999,107.523544,50222000
AAPL,9/22/2015,113.379997,114.18,112.519997,113.400002,105.834305,50346200
AAPL,9/23/2015,113.629997,114.720001,113.300003,114.32,106.692917,35756700
AAPL,9/24/2015,113.25,115.5,112.370003,115,107.327568,50219500
AAPL,9/25/2015,116.440002,116.690002,114.019997,114.709999,107.056892,56151900
AAPL,9/28/2015,113.849998,114.57,112.440002,112.440002,104.938339,52109000
AAPL,9/29/2015,112.830002,113.510002,107.860001,109.059998,101.783844,73365400
AAPL,9/30/2015,110.169998,111.540001,108.730003,110.300003,102.941124,66473000
AAPL,10/1/2015,109.07,109.620003,107.309998,109.580002,102.269157,63929100
AAPL,10/2/2015,108.010002,111.010002,107.550003,110.379997,103.015785,58019800
AAPL,10/5/2015,109.879997,111.370003,109.07,110.779999,103.389107,52064700
AAPL,10/6/2015,110.629997,111.739998,109.769997,111.309998,103.883736,48196800
AAPL,10/7/2015,111.739998,111.769997,109.410004,110.779999,103.389107,46765600
AAPL,10/8/2015,110.190002,110.190002,108.209999,109.5,102.194481,61979600
AAPL,10/9/2015,110,112.279999,109.489998,112.120003,104.639717,52766100
AAPL,10/12/2015,112.730003,112.75,111.440002,111.599998,104.154366,30467200
AAPL,10/13/2015,110.82,112.449997,110.68,111.790001,104.331711,33049300
AAPL,10/14/2015,111.290001,111.519997,109.559998,110.209999,102.857132,44462400
AAPL,10/15/2015,110.93,112.099998,110.489998,111.860001,104.397049,37673500
AAPL,10/16/2015,111.779999,112,110.529999,111.040001,103.631767,39232600
AAPL,10/19/2015,110.800003,111.75,110.110001,111.730003,104.275711,29759200
AAPL,10/20/2015,111.339996,114.169998,110.82,113.769997,106.179642,48967800
AAPL,10/21/2015,114,115.580002,113.699997,113.760002,106.170296,41795200
AAPL,10/22/2015,114.330002,115.5,114.099998,115.5,107.794189,41654100
AAPL,10/23/2015,116.699997,119.230003,116.330002,119.080002,111.135353,59366900
AAPL,10/26/2015,118.080002,118.129997,114.919998,115.279999,107.588867,66333800
AAPL,10/27/2015,115.400002,116.540001,113.989998,114.550003,106.90757,69884400
AAPL,10/28/2015,116.93,119.300003,116.059998,119.269997,111.312668,85551400
AAPL,10/29/2015,118.699997,120.690002,118.269997,120.529999,112.488594,51227300
AAPL,10/30/2015,120.989998,121.220001,119.449997,119.5,111.527328,49365300
AAPL,11/2/2015,120.800003,121.360001,119.610001,121.18,113.095245,32203300
AAPL,11/3/2015,120.790001,123.489998,120.699997,122.57,114.392502,45519000
AAPL,11/4/2015,123.129997,123.82,121.620003,122,113.860535,44886100
AAPL,11/5/2015,121.849998,122.690002,120.18,120.919998,113.335655,39552700
AAPL,11/6/2015,121.110001,121.809998,120.620003,121.059998,113.466873,33042300
AAPL,11/9/2015,120.959999,121.809998,120.050003,120.57,113.007607,33871400
AAPL,11/10/2015,116.900002,118.07,116.059998,116.769997,109.445953,59127900
AAPL,11/11/2015,116.370003,117.419998,115.209999,116.110001,108.827339,45218000
AAPL,11/12/2015,116.260002,116.82,115.650002,115.720001,108.461807,32525600
AAPL,11/13/2015,115.199997,115.57,112.269997,112.339996,105.293808,45812400
AAPL,11/16/2015,111.379997,114.239998,111,114.18,107.018402,38106700
AAPL,11/17/2015,114.919998,115.050003,113.32,113.690002,106.559135,27616900
AAPL,11/18/2015,115.760002,117.489998,115.5,117.290001,109.933342,46674700
AAPL,11/19/2015,117.639999,119.75,116.760002,118.779999,111.329895,43295800
AAPL,11/20/2015,119.199997,119.919998,118.849998,119.300003,111.817261,34287100
AAPL,11/23/2015,119.269997,119.730003,117.339996,117.75,110.364494,32482500
AAPL,11/24/2015,117.330002,119.349998,117.120003,118.879997,111.423599,42803200
AAPL,11/25/2015,119.209999,119.230003,117.919998,118.029999,110.626923,21388300
AAPL,11/27/2015,118.290001,118.410004,117.599998,117.809998,110.420731,13046400
AAPL,11/30/2015,117.989998,119.410004,117.75,118.300003,110.879997,39180300
AAPL,12/1/2015,118.75,118.809998,116.860001,117.339996,109.980186,34852400
AAPL,12/2/2015,117.339996,118.110001,116.080002,116.279999,108.986679,33386600
AAPL,12/3/2015,116.550003,116.790001,114.220001,115.199997,107.974419,41569500
AAPL,12/4/2015,115.290001,119.25,115.110001,119.029999,111.564194,57777000
AAPL,12/7/2015,118.980003,119.860001,117.809998,118.279999,110.861244,32084200
AAPL,12/8/2015,117.519997,118.599998,116.860001,118.230003,110.814377,34309500
AAPL,12/9/2015,117.639999,117.690002,115.080002,115.620003,108.36808,46361400
AAPL,12/10/2015,116.040001,116.940002,115.510002,116.169998,108.883583,29212700
AAPL,12/11/2015,115.190002,115.389999,112.849998,113.18,106.081123,46886200
AAPL,12/14/2015,112.18,112.68,109.790001,112.480003,105.425026,64318700
AAPL,12/15/2015,111.940002,112.800003,110.349998,110.489998,103.559845,53323100
AAPL,12/16/2015,111.07,111.989998,108.800003,111.339996,104.356514,56238500
AAPL,12/17/2015,112.019997,112.25,108.980003,108.980003,102.144554,44772800
AAPL,12/18/2015,108.910004,109.519997,105.809998,106.029999,99.379585,96453300
AAPL,12/21/2015,107.279999,107.370003,105.57,107.330002,100.598045,47590600
AAPL,12/22/2015,107.400002,107.720001,106.449997,107.230003,100.504333,32789400
AAPL,12/23/2015,107.269997,108.849998,107.199997,108.610001,101.79776,32657400
AAPL,12/24/2015,109,109,107.949997,108.029999,101.254143,13570400
AAPL,12/28/2015,107.589996,107.690002,106.18,106.82,100.120033,26704200
AAPL,12/29/2015,106.959999,109.43,106.860001,108.739998,101.919609,30931200
AAPL,12/30/2015,108.580002,108.699997,107.18,107.32,100.588676,25213800
AAPL,12/31/2015,107.010002,107.029999,104.82,105.260002,98.657883,40912300
AAPL,1/4/2016,102.610001,105.370003,102,105.349998,98.742249,67649400
AAPL,1/5/2016,105.75,105.849998,102.410004,102.709999,96.267815,55791000
AAPL,1/6/2016,100.559998,102.370003,99.870003,100.699997,94.383888,68457400
AAPL,1/7/2016,98.68,100.129997,96.43,96.449997,90.400467,81094400
AAPL,1/8/2016,98.550003,99.110001,96.760002,96.959999,90.878479,70798000
AAPL,1/11/2016,98.970001,99.059998,97.339996,98.529999,92.350006,49739400
AAPL,1/12/2016,100.550003,100.690002,98.839996,99.959999,93.6903,49154200
AAPL,1/13/2016,100.32,101.190002,97.300003,97.389999,91.281494,62439600
AAPL,1/14/2016,97.959999,100.480003,95.739998,99.519997,93.277916,63170100
AAPL,1/15/2016,96.199997,97.709999,95.360001,97.129997,91.037811,79833900
AAPL,1/19/2016,98.410004,98.650002,95.5,96.660004,90.59729,53087700
AAPL,1/20/2016,95.099998,98.190002,93.419998,96.790001,90.719131,72334400
AAPL,1/21/2016,97.059998,97.879997,94.940002,96.300003,90.259872,52161500
AAPL,1/22/2016,98.629997,101.459999,98.370003,101.419998,95.058739,65800500
AAPL,1/25/2016,101.519997,101.529999,99.209999,99.440002,93.202934,51794500
AAPL,1/26/2016,99.93,100.879997,98.07,99.989998,93.718437,75077000
AAPL,1/27/2016,96.040001,96.629997,93.339996,93.419998,87.560509,133369700
AAPL,1/28/2016,93.790001,94.519997,92.389999,94.089996,88.188484,55678800
AAPL,1/29/2016,94.790001,97.339996,94.349998,97.339996,91.23465,64416500
AAPL,2/1/2016,96.470001,96.709999,95.400002,96.43,90.381721,40943500
AAPL,2/2/2016,95.419998,96.040001,94.279999,94.480003,88.554024,37357200
AAPL,2/3/2016,95,96.839996,94.080002,96.349998,90.306725,45964300
AAPL,2/4/2016,95.860001,97.330002,95.190002,96.599998,91.032356,46471700
AAPL,2/5/2016,96.519997,96.919998,93.690002,94.019997,88.601059,46418100
AAPL,2/8/2016,93.129997,95.699997,93.040001,95.010002,89.533989,54021400
AAPL,2/9/2016,94.290001,95.940002,93.93,94.989998,89.515144,44331200
AAPL,2/10/2016,95.919998,96.349998,94.099998,94.269997,88.836655,42343600
AAPL,2/11/2016,93.790001,94.720001,92.589996,93.699997,88.299492,50074700
AAPL,2/12/2016,94.190002,94.5,93.010002,93.989998,88.572784,40351400
AAPL,2/16/2016,95.019997,96.849998,94.610001,96.639999,91.070045,49057900
AAPL,2/17/2016,96.669998,98.209999,96.150002,98.120003,92.464752,44863200
AAPL,2/18/2016,98.839996,98.889999,96.089996,96.260002,90.71196,39021000
AAPL,2/19/2016,96,96.760002,95.800003,96.040001,90.504639,35374200
AAPL,2/22/2016,96.309998,96.900002,95.919998,96.879997,91.296219,34280800
AAPL,2/23/2016,96.400002,96.5,94.550003,94.690002,89.23243,31942600
AAPL,2/24/2016,93.980003,96.379997,93.32,96.099998,90.561165,36255700
AAPL,2/25/2016,96.050003,96.760002,95.25,96.760002,91.183121,27582700
AAPL,2/26/2016,97.199997,98.019997,96.580002,96.910004,91.324493,28991100
AAPL,2/29/2016,96.860001,98.230003,96.650002,96.690002,91.117157,35216300
AAPL,3/1/2016,97.650002,100.769997,97.419998,100.529999,94.73584,50407100
AAPL,3/2/2016,100.510002,100.889999,99.639999,100.75,94.943161,33169600
AAPL,3/3/2016,100.580002,101.709999,100.449997,101.5,95.649933,36955700
AAPL,3/4/2016,102.370003,103.75,101.370003,103.010002,97.072906,46055100
AAPL,3/7/2016,102.389999,102.830002,100.959999,101.870003,95.998619,35828900
AAPL,3/8/2016,100.779999,101.760002,100.400002,101.029999,95.207031,31561900
AAPL,3/9/2016,101.309998,101.580002,100.269997,101.120003,95.291855,27201700
AAPL,3/10/2016,101.410004,102.239998,100.150002,101.169998,95.338943,33513600
AAPL,3/11/2016,102.239998,102.279999,101.5,102.260002,96.366142,27408200
AAPL,3/14/2016,101.910004,102.910004,101.779999,102.519997,96.611145,25076100
AAPL,3/15/2016,103.959999,105.18,103.849998,104.580002,98.552414,40067700
AAPL,3/16/2016,104.610001,106.309998,104.589996,105.970001,99.862305,38303500
AAPL,3/17/2016,105.519997,106.470001,104.959999,105.800003,99.70211,34420700
AAPL,3/18/2016,106.339996,106.5,105.190002,105.919998,99.815178,44205200
AAPL,3/21/2016,105.93,107.650002,105.139999,105.910004,99.805763,35502700
AAPL,3/22/2016,105.25,107.290001,105.209999,106.720001,100.569061,32444400
AAPL,3/23/2016,106.480003,107.07,105.900002,106.129997,100.013077,25703500
AAPL,3/24/2016,105.470001,106.25,104.889999,105.669998,99.579605,26133000
AAPL,3/28/2016,106,106.190002,105.059998,105.190002,99.127266,19411400
AAPL,3/29/2016,104.889999,107.790001,104.879997,107.68,101.47374,31190100
AAPL,3/30/2016,108.650002,110.419998,108.599998,109.559998,103.245384,45601100
AAPL,3/31/2016,109.720001,109.900002,108.879997,108.989998,102.708244,25888400
AAPL,4/1/2016,108.779999,110,108.199997,109.989998,103.650604,25874000
AAPL,4/4/2016,110.419998,112.190002,110.269997,111.120003,104.715477,37356200
AAPL,4/5/2016,109.510002,110.730003,109.419998,109.809998,103.480988,26578700
AAPL,4/6/2016,110.230003,110.980003,109.199997,110.959999,104.564682,26404100
AAPL,4/7/2016,109.949997,110.419998,108.120003,108.540001,102.284172,31801900
AAPL,4/8/2016,108.910004,109.769997,108.169998,108.660004,102.39727,23581700
AAPL,4/11/2016,108.970001,110.610001,108.830002,109.019997,102.736519,29407500
AAPL,4/12/2016,109.339996,110.5,108.660004,110.440002,104.074684,27232300
AAPL,4/13/2016,110.800003,112.339996,110.800003,112.040001,105.582466,33257300
AAPL,4/14/2016,111.620003,112.389999,111.330002,112.099998,105.638985,25473900
AAPL,4/15/2016,112.110001,112.300003,109.730003,109.849998,103.518669,46939000
AAPL,4/18/2016,108.889999,108.949997,106.940002,107.480003,101.285271,60821500
AAPL,4/19/2016,107.879997,108,106.230003,106.910004,100.748131,32384900
AAPL,4/20/2016,106.639999,108.089996,106.059998,107.129997,100.955452,30611000
AAPL,4/21/2016,106.93,106.93,105.519997,105.970001,99.862305,31552500
AAPL,4/22/2016,105.010002,106.480003,104.620003,105.68,99.589027,33683100
AAPL,4/25/2016,105,105.650002,104.510002,105.080002,99.023598,28031600
AAPL,4/26/2016,103.910004,105.300003,103.910004,104.349998,98.335678,56016200
AAPL,4/27/2016,96,98.709999,95.68,97.82,92.182045,114602100
AAPL,4/28/2016,97.610001,97.879997,94.25,94.830002,89.364365,82242700
AAPL,4/29/2016,93.989998,94.720001,92.510002,93.739998,88.337189,68531500
AAPL,5/2/2016,93.970001,94.080002,92.400002,93.639999,88.24295,48160100
AAPL,5/3/2016,94.199997,95.739998,93.68,95.18,89.694191,56831300
AAPL,5/4/2016,95.199997,95.900002,93.82,94.190002,88.761253,41025500
AAPL,5/5/2016,94,94.07,92.68,93.239998,88.400978,35890500
AAPL,5/6/2016,93.370003,93.449997,91.849998,92.720001,87.907959,43699900
AAPL,5/9/2016,93,93.769997,92.589996,92.790001,87.974342,32936400
AAPL,5/10/2016,93.330002,93.57,92.110001,93.419998,88.571632,33686800
AAPL,5/11/2016,93.480003,93.57,92.459999,92.510002,87.70887,28719100
AAPL,5/12/2016,92.720001,92.779999,89.470001,90.339996,85.651482,76314700
AAPL,5/13/2016,90,91.669998,90,90.519997,85.822136,44392800
AAPL,5/16/2016,92.389999,94.389999,91.650002,93.879997,89.007759,61259800
AAPL,5/17/2016,94.550003,94.699997,93.010002,93.489998,88.637993,46916900
AAPL,5/18/2016,94.160004,95.209999,93.889999,94.559998,89.652466,42062400
AAPL,5/19/2016,94.639999,94.639999,93.57,94.199997,89.311157,30442100
AAPL,5/20/2016,94.639999,95.43,94.519997,95.220001,90.278229,32026000
AAPL,5/23/2016,95.870003,97.190002,95.669998,96.43,91.425423,38018600
AAPL,5/24/2016,97.220001,98.089996,96.839996,97.900002,92.819138,35140200
AAPL,5/25/2016,98.669998,99.739998,98.110001,99.620003,94.44986,38168800
AAPL,5/26/2016,99.68,100.730003,98.639999,100.410004,95.198868,56331200
AAPL,5/27/2016,99.440002,100.470001,99.25,100.349998,95.141983,36341200
AAPL,5/31/2016,99.599998,100.400002,98.82,99.860001,94.677414,42307200
AAPL,6/1/2016,99.019997,99.540001,98.330002,98.459999,93.350067,29173300
AAPL,6/2/2016,97.599998,97.839996,96.629997,97.720001,92.648468,40191600
AAPL,6/3/2016,97.790001,98.269997,97.449997,97.919998,92.838097,28504900
AAPL,6/6/2016,97.989998,101.889999,97.550003,98.629997,93.511246,23292500
AAPL,6/7/2016,99.25,99.870003,98.959999,99.029999,93.890488,22409500
AAPL,6/8/2016,99.019997,99.559998,98.68,98.940002,93.805161,20848100
AAPL,6/9/2016,98.5,99.989998,98.459999,99.650002,94.478317,26601400
AAPL,6/10/2016,98.529999,99.349998,98.480003,98.830002,93.700874,31712900
AAPL,6/13/2016,98.690002,99.120003,97.099998,97.339996,92.288193,38020500
AAPL,6/14/2016,97.32,98.480003,96.75,97.459999,92.401955,31931900
AAPL,6/15/2016,97.82,98.410004,97.029999,97.139999,92.098564,29445200
AAPL,6/16/2016,96.449997,97.75,96.07,97.550003,92.487305,31326800
AAPL,6/17/2016,96.620003,96.650002,95.300003,95.330002,90.382515,61008200
AAPL,6/20/2016,96,96.57,95.029999,95.099998,90.164444,34411900
AAPL,6/21/2016,94.940002,96.349998,94.68,95.910004,90.932419,35546400
AAPL,6/22/2016,96.25,96.889999,95.349998,95.550003,90.59108,29219100
AAPL,6/23/2016,95.940002,96.290001,95.25,96.099998,91.112549,32240200
AAPL,6/24/2016,92.910004,94.660004,92.650002,93.400002,88.552689,75311400
AAPL,6/27/2016,93,93.050003,91.5,92.040001,87.26326,45489600
AAPL,6/28/2016,92.900002,93.660004,92.139999,93.589996,88.732811,40444900
AAPL,6/29/2016,93.970001,94.550003,93.629997,94.400002,89.500771,36531000
AAPL,6/30/2016,94.440002,95.769997,94.300003,95.599998,90.638489,35836400
AAPL,7/1/2016,95.489998,96.470001,95.330002,95.889999,90.913445,26026500
AAPL,7/5/2016,95.389999,95.400002,94.459999,94.989998,90.06015,27705200
AAPL,7/6/2016,94.599998,95.660004,94.370003,95.529999,90.572136,30949100
AAPL,7/7/2016,95.699997,96.5,95.620003,95.940002,90.960854,25139600
AAPL,7/8/2016,96.489998,96.889999,96.050003,96.68,91.662445,28912100
AAPL,7/11/2016,96.75,97.650002,96.730003,96.980003,91.946884,23794900
AAPL,7/12/2016,97.169998,97.699997,97.120003,97.419998,92.364044,24167500
AAPL,7/13/2016,97.410004,97.669998,96.839996,96.870003,91.842598,25892200
AAPL,7/14/2016,97.389999,98.989998,97.32,98.790001,93.662941,38919000
AAPL,7/15/2016,98.919998,99.300003,98.5,98.779999,93.65345,30137000
AAPL,7/18/2016,98.699997,100.129997,98.599998,99.830002,94.648964,36493900
AAPL,7/19/2016,99.559998,100,99.339996,99.870003,94.68689,23779900
AAPL,7/20/2016,100,100.459999,99.739998,99.959999,94.772224,26276000
AAPL,7/21/2016,99.830002,101,99.129997,99.43,94.269737,32702000
AAPL,7/22/2016,99.260002,99.300003,98.309998,98.660004,93.539688,28313700
AAPL,7/25/2016,98.25,98.839996,96.919998,97.339996,92.288193,40382900
AAPL,7/26/2016,96.82,97.970001,96.419998,96.669998,91.652954,56239800
AAPL,7/27/2016,104.269997,104.349998,102.75,102.949997,97.607033,92344800
AAPL,7/28/2016,102.830002,104.449997,102.82,104.339996,98.924889,39869800
AAPL,7/29/2016,104.190002,104.550003,103.68,104.209999,98.801666,27733700
AAPL,8/1/2016,104.410004,106.150002,104.410004,106.050003,100.546158,38167900
AAPL,8/2/2016,106.050003,106.07,104,104.480003,99.057648,33816600
AAPL,8/3/2016,104.809998,105.839996,104.769997,105.790001,100.299644,30202600
AAPL,8/4/2016,105.580002,106,105.279999,105.870003,100.919258,27408700
AAPL,8/5/2016,106.269997,107.650002,106.18,107.480003,102.453957,40553400
AAPL,8/8/2016,107.519997,108.370003,107.160004,108.370003,103.302353,28037200
AAPL,8/9/2016,108.230003,108.940002,108.010002,108.809998,103.721771,26315200
AAPL,8/10/2016,108.709999,108.900002,107.760002,108,102.949638,24008500
AAPL,8/11/2016,108.519997,108.93,107.849998,107.93,102.882927,27484500
AAPL,8/12/2016,107.779999,108.440002,107.779999,108.18,103.121223,18660400
AAPL,8/15/2016,108.139999,109.540001,108.080002,109.480003,104.360435,25868200
AAPL,8/16/2016,109.629997,110.230003,109.209999,109.379997,104.265106,33794400
AAPL,8/17/2016,109.099998,109.370003,108.339996,109.220001,104.112602,25356000
AAPL,8/18/2016,109.230003,109.599998,109.019997,109.080002,103.979141,21984700
AAPL,8/19/2016,108.769997,109.690002,108.360001,109.360001,104.246056,25368100
AAPL,8/22/2016,108.860001,109.099998,107.849998,108.510002,103.435791,25820200
AAPL,8/23/2016,108.589996,109.32,108.529999,108.849998,103.759895,21257700
AAPL,8/24/2016,108.57,108.75,107.68,108.029999,102.978249,23675100
AAPL,8/25/2016,107.389999,107.879997,106.68,107.57,102.539757,25086200
AAPL,8/26/2016,107.410004,107.949997,106.309998,106.940002,101.939209,27766300
AAPL,8/29/2016,106.620003,107.440002,106.290001,106.82,101.824829,24970300
AAPL,8/30/2016,105.800003,106.5,105.5,106,101.043182,24863900
AAPL,8/31/2016,105.660004,106.57,105.639999,106.099998,101.138496,29662400
AAPL,9/1/2016,106.139999,106.800003,105.620003,106.730003,101.739037,26701500
AAPL,9/2/2016,107.699997,108,106.82,107.730003,102.692284,26802500
AAPL,9/6/2016,107.900002,108.300003,107.510002,107.699997,102.663673,26880400
AAPL,9/7/2016,107.830002,108.760002,107.07,108.360001,103.292809,42364300
AAPL,9/8/2016,107.25,107.269997,105.239998,105.519997,100.585609,53002000
AAPL,9/9/2016,104.639999,105.720001,103.129997,103.129997,98.307373,46557000
AAPL,9/12/2016,102.650002,105.720001,102.529999,105.440002,100.509361,45292800
AAPL,9/13/2016,107.510002,108.790001,107.239998,107.949997,102.901985,62176200
AAPL,9/14/2016,108.730003,113.029999,108.599998,111.769997,106.543358,110888700
AAPL,9/15/2016,113.860001,115.730003,113.489998,115.57,110.165649,89983600
AAPL,9/16/2016,115.120003,116.129997,114.040001,114.919998,109.546051,79886900
AAPL,9/19/2016,115.190002,116.18,113.25,113.580002,108.268715,47023000
AAPL,9/20/2016,113.050003,114.120003,112.510002,113.57,108.259171,34514300
AAPL,9/21/2016,113.849998,113.989998,112.440002,113.550003,108.24012,36003200
AAPL,9/22/2016,114.349998,114.940002,114,114.620003,109.260094,31074000
AAPL,9/23/2016,114.419998,114.790001,111.550003,112.709999,107.4394,52481200
AAPL,9/26/2016,111.639999,113.389999,111.550003,112.879997,107.601448,29869400
AAPL,9/27/2016,113,113.18,112.339996,113.089996,107.80162,24607400
AAPL,9/28/2016,113.690002,114.639999,113.43,113.949997,108.621414,29641100
AAPL,9/29/2016,113.160004,113.800003,111.800003,112.18,106.934189,35887000
AAPL,9/30/2016,112.459999,113.370003,111.800003,113.050003,107.763504,36379100
AAPL,10/3/2016,112.709999,113.050003,112.279999,112.519997,107.258286,21701800
AAPL,10/4/2016,113.059998,114.309998,112.629997,113,107.715836,29736800
AAPL,10/5/2016,113.400002,113.660004,112.690002,113.050003,107.763504,21453100
AAPL,10/6/2016,113.699997,114.339996,113.129997,113.889999,108.564217,28779300
AAPL,10/7/2016,114.309998,114.559998,113.510002,114.059998,108.726265,24358400
AAPL,10/10/2016,115.019997,116.75,114.720001,116.050003,110.623215,36236000
AAPL,10/11/2016,117.699997,118.690002,116.199997,116.300003,110.861519,64041000
AAPL,10/12/2016,117.349998,117.980003,116.75,117.339996,111.852898,37586800
AAPL,10/13/2016,116.790001,117.440002,115.720001,116.980003,111.50972,35192400
AAPL,10/14/2016,117.879997,118.169998,117.129997,117.629997,112.129311,35652200
AAPL,10/17/2016,117.330002,117.839996,116.779999,117.550003,112.053062,23624900
AAPL,10/18/2016,118.18,118.209999,117.449997,117.470001,111.976814,24553500
AAPL,10/19/2016,117.25,117.760002,113.800003,117.120003,111.643173,20034600
AAPL,10/20/2016,116.860001,117.379997,116.330002,117.059998,111.585983,24125800
AAPL,10/21/2016,116.809998,116.910004,116.279999,116.599998,111.147491,23192700
AAPL,10/24/2016,117.099998,117.739998,117,117.650002,112.148384,23538700
AAPL,10/25/2016,117.949997,118.360001,117.309998,118.25,112.720345,48129000
AAPL,10/26/2016,114.309998,115.699997,113.309998,115.589996,110.184723,66134200
AAPL,10/27/2016,115.389999,115.860001,114.099998,114.480003,109.126633,34562000
AAPL,10/28/2016,113.870003,115.209999,113.449997,113.720001,108.402168,37861700
AAPL,10/31/2016,113.650002,114.230003,113.199997,113.540001,108.230583,26419400
AAPL,11/1/2016,113.459999,113.769997,110.529999,111.489998,106.276443,43825800
AAPL,11/2/2016,111.400002,112.349998,111.230003,111.589996,106.371758,28331700
AAPL,11/3/2016,110.980003,111.459999,109.550003,109.830002,105.231598,26932600
AAPL,11/4/2016,108.529999,110.25,108.110001,108.839996,104.283051,30837000
AAPL,11/7/2016,110.080002,110.510002,109.459999,110.410004,105.787323,32560000
AAPL,11/8/2016,110.309998,111.720001,109.699997,111.059998,106.410103,24254200
AAPL,11/9/2016,109.879997,111.32,108.050003,110.879997,106.237648,59176400
AAPL,11/10/2016,111.089996,111.089996,105.830002,107.790001,103.277008,57134500
AAPL,11/11/2016,107.120003,108.870003,106.550003,108.43,103.890221,34143900
AAPL,11/14/2016,107.709999,107.809998,104.080002,105.709999,101.284096,51175500
AAPL,11/15/2016,106.57,107.68,106.160004,107.110001,102.625488,32264500
AAPL,11/16/2016,106.699997,110.230003,106.599998,109.989998,105.384895,58840500
AAPL,11/17/2016,109.809998,110.349998,108.830002,109.949997,105.346558,27632000
AAPL,11/18/2016,109.720001,110.540001,109.660004,110.059998,105.451973,28428900
AAPL,11/21/2016,110.120003,111.989998,110.010002,111.730003,107.052055,29264600
AAPL,11/22/2016,111.949997,112.419998,111.400002,111.800003,107.119118,25965500
AAPL,11/23/2016,111.360001,111.510002,110.330002,111.230003,106.572975,27426400
AAPL,11/25/2016,111.129997,111.870003,110.949997,111.790001,107.109535,11475900
AAPL,11/28/2016,111.43,112.470001,111.389999,111.57,106.89875,27194000
AAPL,11/29/2016,110.779999,112.029999,110.07,111.459999,106.793365,28528800
AAPL,11/30/2016,111.599998,112.199997,110.269997,110.519997,105.8927,36162300
AAPL,12/1/2016,110.370003,110.940002,109.029999,109.489998,104.90583,37086900
AAPL,12/2/2016,109.169998,110.089996,108.849998,109.900002,105.298676,26528000
AAPL,12/5/2016,110,110.029999,108.25,109.110001,104.541748,34324500
AAPL,12/6/2016,109.5,110.360001,109.190002,109.949997,105.346558,26195500
AAPL,12/7/2016,109.260002,111.190002,109.160004,111.029999,106.381355,29998700
AAPL,12/8/2016,110.860001,112.43,110.599998,112.120003,107.42572,27068300
AAPL,12/9/2016,112.309998,114.699997,112.309998,113.949997,109.179115,34402600
AAPL,12/12/2016,113.290001,115,112.489998,113.300003,108.556305,26374400
AAPL,12/13/2016,113.839996,115.919998,113.75,115.190002,110.367195,43733800
AAPL,12/14/2016,115.040001,116.199997,114.980003,115.190002,110.367195,34031800
AAPL,12/15/2016,115.379997,116.730003,115.230003,115.82,110.97081,46524500
AAPL,12/16/2016,116.470001,116.5,115.650002,115.970001,111.114532,44351100
AAPL,12/19/2016,115.800003,117.379997,115.75,116.639999,111.75647,27779400
AAPL,12/20/2016,116.739998,117.5,116.68,116.949997,112.05349,21425000
AAPL,12/21/2016,116.800003,117.400002,116.779999,117.059998,112.15889,23783200
AAPL,12/22/2016,116.349998,116.510002,115.639999,116.290001,111.421135,26085900
AAPL,12/23/2016,115.589996,116.519997,115.589996,116.519997,111.641487,14249500
AAPL,12/27/2016,116.519997,117.800003,116.489998,117.260002,112.350517,18296900
AAPL,12/28/2016,117.519997,118.019997,116.199997,116.760002,111.871452,20905900
AAPL,12/29/2016,116.449997,117.110001,116.400002,116.730003,111.842705,15039500
AAPL,12/30/2016,116.650002,117.199997,115.43,115.82,110.97081,30586300
